ID,Ambrosiapsilostachya,Andropogon,Aristidapurpurea,Artemisialudoviciana,Buchloedactyloides,Boutelouacurtipendula,Boutelouagracilis,Bromusjaponicus,Carexbrevior,Cirsiumundulatum,Chlorissp.,Drabareptans,Euphorbiamarginata,Erysimumasperum,Gutierreziasarothrae,Helianthusannuus,Hordeumpusillum,Lepidiumdensiflorum,Liatrispunctata,Pascopyrumsmithii,Plantagopatagonica,Poapratensis,Psoraleatenuiflora,Ruelliahumilis,Salviaazurea,Schizachyriumscoparium,Solidagocanadensis,Solidagomissouriensis,Sorghastrumnutans,Sphaeralceacoccinea,Sporobolusasper,Sporobolusheterolepis,Tragopogondubius,Vulpiaoctoflora
HYS_2013_chr_1,2.187079632,0,9.497882572,0,0,12.58706984,0,24.05357364,0.663029403,0,0,0.114155251,0,0.321000056,0,0,0,0,0,30.15038482,0,5.229753321,3.31608687,0,0,1.012680702,0,0,0,0,6.401595562,0,0,0.319947934
HYS_2013_int_2,0,0.20452036,3.939187494,0,13.41964811,18.6715776,6.55687895,22.34961166,0,0,0,0.318886973,0,0,0,0,0,0.20452036,0,21.51538414,0,2.011891851,4.305106733,0,0,0,0,0,0,0,3.153034216,0,0.515682157,0.420101548
HYS_2013_con_3,0.267379679,0,0.637218375,0,0,4.630894436,0.668449198,7.097465188,0,1.817962655,0,0,0,0.717213115,0,0,0,0,0,30.95827473,0,3.380740246,1.505853222,0,0,0,0,0,0,0,33.79831104,0,0.663716814,0
HYS_2013_int_4,2.537583493,0,7.966642649,1.906991619,9.315564195,16.54536456,2.593360996,30.88556397,0,0.874535693,0,0.10373444,0,0.414937759,0.436652067,0,0,0.214021603,0,14.96114739,0.115207373,1.912495944,1.183144252,0,0,0,0,0,0,0,2.66789804,0,0.225225225,1.928064508
HYS_2013_chr_5,4.327233499,4.530246063,4.769851009,0,0.594924482,8.56002307,1.684646654,0.480769231,0,0.342465753,0,0,0.152439024,0,0,0,0,0,0,19.26792793,0,6.233404726,6.553389007,0,0,23.7805085,0,0,0,0,12.67490933,0,0.684931507,0
HYS_2013_con_6,2.543994453,0,0.338047569,3.400199175,0,0.644558351,1.693448108,1.565291658,0,1.321727426,0,0,0,0.202512134,0,0,0,0,0,29.89787901,0,4.747089054,10.00332805,0,0,0.51242949,0,0,0,0,40.49891636,0,0.414862915,0
HYS_2013_con_7,0.231660232,1.730317274,1.747104247,0.689833044,3.105590062,22.34138081,12.93652328,2.678397007,0,0.105485232,0,0,0,0.267892116,0.310559006,0,0,0,1.95222052,25.94811869,0,1.889513737,8.493804757,0,0.267892116,3.755113121,0,0,0,0,7.035199166,0,0.225225225,0
HYS_2013_chr_8,3.597431409,3.75487925,4.172840125,0,0,25.95738766,2.270458043,11.56069364,0,0.834058244,0,0.378687262,0,0,0.45287994,0,0,0,0.138121547,22.34593895,0,0,6.454122312,0,0,4.317830481,0,0.106157113,0,0,8.977609635,0,0.324675325,0.246346655
HYS_2013_int_9,0.342316027,8.895326463,1.246194484,1.965285554,1.81236401,19.33888797,3.493781166,11.90974117,0,0.251771255,0,0,0,0.131578947,0,0,0,0,0,20.93175633,0.115740741,0.263157895,10.34571078,0,0,6.000477958,0,0.131578947,0,0,7.605730946,0,1.442823137,0
HYS_2013_con_10,0.386920271,0.123762376,1.028866044,0,0.715478353,22.73730834,1.300156331,0.559015883,0,0.568181818,0,0,0,0,0,0,0,0,1.663712151,28.2206004,0,0.123762376,21.28389517,0,0,13.44448015,0,0,0,0,4.195232588,0,0.823838963,0
HYS_2013_int_11,5.827297152,0.906735751,1.126137293,0,0.229749383,21.59991193,3.154027538,0.67758139,0,0.388601036,0,0,0,0.378684582,1.457396544,0,0,0,2.309890917,20.79063065,0,0,18.94742393,0,0,6.426085996,0,0,0,0,5.969634912,0,3.927757334,0
HYS_2013_chr_12,0.480540402,3.752343588,2.106210547,0,0.261780105,23.88253915,6.482771581,0.390625,0,0,0,0,0,0,0.130890052,0,0,0,1.825150276,22.88608076,0,0,20.04285254,0,0,9.584069605,0,0,0,0.130208333,3.591160221,0,0.827911999,0
HYS_2013_chr_13,1.358229462,3.197604975,2.486385079,0,2.844305232,30.8507604,7.7857438,10.52370398,0,0,0,0.437567865,0,0.412065667,2.901113998,0,0.381679389,0.553308605,1.627751653,12.97527344,0,0,2.353609765,0,0,0,0,0,0,0.141242938,10.23754623,0,0.462962963,2.644997914
HYS_2013_int_14,0,0.76754386,0.939524641,0,41.08492886,0.420852442,12.06993804,15.6245041,0,0,0,0.45999865,0,0.109649123,0.432681808,0,0.113636364,0.573635013,0,4.291633595,1.471901023,0,1.389621367,0,0,0,0,0,0,0,0,0,0,18.30429462
HYS_2013_con_15,0,0.190839695,0,0,0.882352941,8.637897727,40.69257574,21.76886751,0,0,0,0.451900136,0,0.095419847,0.999939782,0,0.222970868,0.28887891,0,16.08482054,0.451900136,0,2.685021673,0,0,0,0,0,0,0.2263099,0,0,0,4.093654747
HYS_2013_int_16,0.108695652,0.490207373,6.534713611,0,5.347725004,23.83352083,15.07152221,11.51463061,0,0,0,0.352819986,0,0.461515638,1.212592577,0,0.237612613,0.240207373,2.364129984,20.45680649,0.336515638,0,1.691734762,0,0,0,0,0,0,0,3.2247338,0,0,0.910643889
HYS_2013_con_17,0,1.804542489,3.475879144,0,0.682855957,33.7895837,8.306462373,5.383050169,0,0,0,0.364425814,0,1.037497035,2.85182426,0,0,0.369318182,0.984014559,12.51161937,0.227272727,0,2.931751468,0,0,0.677963589,0,0,0,0,11.76983262,0,0.466720779,0.114155251
HYS_2013_chr_18,0,0,1.775072098,0,1.367630385,25.65004929,14.04591051,13.48148455,0,0,0,0.098039216,0,0.098039216,0.979086079,0,0.225590236,0,0,34.82667013,0,0,3.467532607,0,0,0,0,0,0,0.64129579,1.368864596,0,0.098039216,0.184246112
HYS_2013_int_19,2.233438549,9.563110003,0.119047619,0,0,9.355415643,5.10989011,4.010050842,0,0.159235669,0,0.557090826,0,1.476924005,0.238095238,0,0,0.247252747,1.761910103,17.97174349,0,0,8.499434147,0,0,30.64261666,0,0,0,0,1.182421996,0,1.742491067,0.119047619
HYS_2013_con_20,0.51369863,0,5.429665939,0,0.518455099,28.52978334,0.412087912,1.282343988,0,2.65625,0,0.15625,0,0.809689502,1.107206625,0,0.171232877,0.467223748,0.947052139,30.65756874,0,0,4.313798359,0,0,10.86914013,0,0,0.171232877,0,4.623206654,0,0.694444444,0.3125
HYS_2013_chr_21,1.004196314,0,3.575506937,0,0.371287129,16.78001241,23.3078831,17.51671967,0,0,0,0.123762376,0,1.847900307,1.188407578,0,0,0,0,20.38218303,0.251313397,0,3.006647175,0,0,0,0,0,0,0,6.105123782,0,0.48544238,1.243171214
HYS_2013_con_22,0,0.535168196,2.089846964,0,0.7351583,24.26455303,6.420765087,28.40259558,0,0,0,0.121359223,0,0.902817283,1.388908713,0,0,0.197811823,0,22.84007854,0.105932203,0,1.743870388,0,0,0,0,0,0,0,0.560515057,0,0.591350397,0.113636364
HYS_2013_chr_23,0,0.378787879,0.084745763,0,0.782614278,19.43208098,1.37350383,24.33554892,0,0,0,0.394176355,0,0.072463768,0.072463768,0,0,0,0,30.29830847,0.118483412,0,5.158663222,0,0,0,0,0,0,0,15.04880426,0,0.169491525,0.084745763
HYS_2013_int_24,0,2.880011483,3.811948768,0,3.750246015,18.79468342,25.061954,6.330311136,0,0,0,0,0,0.415916331,1.767374121,0,0,0,0,23.32036242,0.542819884,0,6.977221781,0,0,0,0,0,0,0,1.493899261,0,0,0
HYS_2013_int_25,0,0,13.29279557,0,0.480769231,18.16074849,5.476677298,9.689855164,0,0,0.120192308,0.327157278,0,0.227950928,0.20696497,0,0,0.219398657,0,28.49616858,0,0,7.794277083,0,0,0,0,0,0,0,11.4723459,0,0.480769231,0
HYS_2013_con_26,0,0,0.589379677,6.10372971,0.085910653,16.08357161,0.194034565,26.59804449,0,0,0,0.093632959,0,0.102459016,0.940744595,0,0,0.374681929,0,23.75623593,0.085910653,0,3.967823773,0,0,0,0,0,0,0,15.65878664,0,2.94219854,0.093632959
HYS_2013_chr_27,1.185770751,0.352907961,1.496805361,0,0.430547713,14.97697298,4.084863577,29.11194696,0,0,0,0.077639752,0,0.882269904,0,0,0,0.089605735,0,24.14668553,0,0,1.040306896,0,0,0,0,0,0,0,19.56492104,0,0.754151123,0.077639752
HYS_2013_chr_28,1.018571749,1.700033301,4.9994503,0,0,35.40164736,10.0568008,0.324581947,0,0,0,0.492932115,0,1.306579888,3.155863123,0,0,0.165562914,1.527366994,16.00102688,0,0,3.60676847,0,0,1.324503311,0,0,0,0,0.30496219,0,0,0
HYS_2013_con_29,0,0,3.646356497,0,9.516554926,34.84509694,4.214626237,10.43338493,0,0.132978723,0,0.107296137,0,0.898233306,1.115716422,0,0,0.366318412,0,28.10273571,0,0,2.985435335,0,0,0,0,0,0,0,0,0,0,0.123152709
HYS_2013_int_30,5.729706115,0.209205021,1.70520127,0,0.424722262,20.29971344,4.464846496,22.62970366,0.212765957,1.171588408,0,0.107758621,0,1.049586041,0,0.106382979,0,0,0,28.40060037,0,0,2.543884322,0,0,0,0,0,0,0,9.03421684,0,0.319148936,0.10460251
HYS_2014_chr_1,7.407547616,0,34.12131718,0,0.316455696,18.14126614,0,10.82354459,0.810423588,0,0,0,0.316455696,0,0,0,0,0,0,2.957547603,0,6.170431311,2.253887903,0,0,2.547270474,0,0,0,0,7.246451007,0,0,0
HYS_2014_int_2,0.337837838,0,23.46314402,0,10.91549474,30.92213734,5.684851518,8.712525929,0.337837838,0,0,0.229357798,0,0,0,0,0,0,0,6.048107582,0,0.675675676,2.599903631,0,0,0,0,0,0,0,5.071236348,0,0,0
HYS_2014_con_3,7.029656288,0,9.12712187,0,0,12.6847936,2.155172414,0.574948027,0,1.639929208,0,0,0,0,0,0,0,0,0,6.481128119,0,10.98077061,0.866517048,0,0,0,0,0,0,0,23.44746477,0,0,0
HYS_2014_int_4,3.818275697,0.490196078,21.35883102,3.608124165,14.34338131,20.27916942,5.154639175,11.68168005,0,0.70608203,0,0.245098039,0,0,0.803329462,0,0,0,0,6.594955894,0,1.925770308,1.754509532,0,0,0.257731959,0,0,0,0,3.060668991,0,0,0
HYS_2014_chr_5,5.436734924,1.379804934,15.04537509,0,0.25,8.740206487,0,0.48364486,0,0.238095238,0,0,0,0,0,0.25,0,0,0,3.246258733,0,8.055328122,2.57328513,0,0,38.23203361,0,0,0,0,9.852397574,0,0.602409639,0
HYS_2014_con_6,15.90352526,0,6.03643018,5.935286917,0.168918919,2.775004896,0.8,0.260416667,0,1.900337838,0,0,0,0,0,0,0,0,0,4.183399432,0,7.213716706,8.11483304,0,0,4.132601351,0,0,0,0,38.38709362,0,1.119087838,0
HYS_2014_con_7,1.771924773,1.266032479,5.945907442,2.143939982,1.436781609,43.31073261,7.06105537,0.64122554,0,0.287356322,0,0,0.196850394,0,0,0,0,0,1.069182085,2.745333952,0,1.140381895,4.712640158,0,0.574712644,10.24368209,0,0,0,0,11.60290879,0,0.287356322,0
HYS_2014_chr_8,11.29451449,4.832863305,17.32028312,0.284090909,0,29.05399801,0.284090909,2.012690776,0,0.416666667,0,0,0.284090909,0,1.167330237,0.416666667,0,0,0.378787879,3.305684583,0,0,1.830209025,0,0,9.682592347,0,0,0,0,10.79462508,0,0,0
HYS_2014_int_9,5.47341934,11.88811752,13.43790939,5.389087657,1.047919459,21.13451587,1.538115538,4.721111144,0,0.80282142,0,0,0.245098039,0,0,0,0,0,0,2.076880375,0,0.240384615,5.217774479,0,0,14.50272854,0,0,0,0,10.8182418,0,0,0
HYS_2014_con_10,10.31006775,0,6.03925206,0,0.513482199,34.61557422,0,0,0,0.446428571,0,0,0,0.223214286,0,0.290697674,0,0,1.027394159,8.237029358,0,0,6.999532446,0,0,21.22687799,0,0,0,0,6.277352692,0,0.737126246,0
HYS_2014_int_11,5.454996094,0.378787879,8.981754091,0,0,29.60645784,2.777777778,0,0,0.631313131,0,0,0,0,2.777777778,0,0,0,2.062094841,3.897951758,0,0,7.418450867,0,0,27.20588235,0,0,0,0,3.900038054,0,0,0
HYS_2014_chr_12,6.536269256,3.887238257,5.027697967,0,0.657894737,34.33058299,13.14540212,0,0,0,0,0,0,0,0.845289325,0,0,0,1.22990471,1.558852078,0,0,3.782602989,0,0,18.14951892,0,0,0,0,8.986701808,0,0,0
HYS_2014_chr_13,2.623424499,0,5.476124307,0,7.257769204,39.38868091,5.794821075,5.583977702,0,0,0,0,0,0,3.309247846,0,0,0,1.430089421,7.005116804,0,0.602409639,0.227272727,0,0,0.903614458,0,0,0,0,12.57413644,0,0,0
HYS_2014_int_14,7.308722127,0.559701493,2.356124435,0,63.55445425,1.031029065,15.56433519,1.819591413,0,0,0,0,0,0,0,0.186567164,0,0,0,3.070881403,0,0,0,0,0,0,0,0,0,0,0.186567164,0,0,0.788562348
HYS_2014_con_15,2.234980928,0,0.33557047,0,0,18.45999379,65.21631687,4.935478504,0,0,0,0,0,0,0.40816985,0,0,0,0,6.257520659,0,0.775193798,0.568195255,0,0,0,0,0,0,0,0,0,0,0
HYS_2014_int_16,1.18688889,6.709256416,8.768765547,0,3.374597224,34.82906027,19.34958228,7.169774091,0,0,0,0,0,0,1.033721397,0,0,0,1.444620848,4.268504779,0,0.213675214,0.973213676,0,0,0.213675214,0,0,0,0,5.685823622,0,0,0.523689406
HYS_2014_con_17,3.372846864,0.628156566,4.079630927,0,0,34.29027826,3.649905425,1.796747747,0,0,0,0,0.18115942,0,2.575834014,0,0,0,0.566659996,4.183337225,0,0,0.740271107,0,0,5.067203404,0,0,0.227272727,0,32.88880828,0,0,0
HYS_2014_chr_18,0.45045045,0,2.810193435,0,1.287138787,48.52290477,17.10958898,3.017096767,0,0,0,0,0.240384615,0,0.93482906,0,0,0,0,9.471421971,0,0,0.746591372,0,0,0,0,0.274725275,0,1.443682694,11.59875535,0,0,0
HYS_2014_int_19,3.827851762,24.50985338,3.255313425,0,0,5.840983992,5.020429782,0.831904089,0,0.435078692,0,0,0,0,0.423728814,0,0,0,0.435078692,5.417255179,0,0.211864407,3.142655367,0,0,39.68884517,0,0,0,0,1.875672585,0,1.093371671,0
HYS_2014_con_20,3.501536963,0,6.527517813,0,0.495243699,32.38057255,1.998432602,1.069956343,0,0.574712644,0,0,0.287356322,0,2.698287698,0,0,0,0.779334608,3.823734922,0,2.011494253,1.063425517,0,0,24.52303839,0,0,2.777777778,0,8.841448465,0,0,0
HYS_2014_chr_21,0.71795486,0,2.129245183,0,0,34.90259621,42.19381546,1.188384968,0,0,0,0,0,0,1.860427978,0,0,0,0,4.92241104,0,0,0.268817204,0,0,0,0,0,0,0,8.129242429,0,0,0
HYS_2014_con_22,0.495049505,1.201923077,8.995485784,0,0,45.49642358,10.7858608,9.29705696,0,0,0,0,0,0,2.32415195,0,0,0,0,7.431512503,0,0,0.649293179,0,0,0.196850394,0,0,0.721153846,0,7.282939832,0,0,0
HYS_2014_chr_23,2.713676792,0.204918033,4.453300091,0,0,32.31014848,4.281155938,1.814432151,0,0,0,0,0,0,0.531914894,0,0,0,0,14.87642814,0,0,1.173114604,0,0,0,0,0,0.265957447,0,32.36037965,0,0,0
HYS_2014_int_24,0.786732456,1.262019231,4.849749669,0,4.516477605,16.82128148,39.81920626,1.448733067,0,0,0,0,0.263157895,0.480769231,5.36774231,0,0,0,0,10.75665852,0.496265723,0,0.759423618,0,0,0,0,0,0,0,6.795496429,0,0,0
HYS_2014_int_25,3.115316458,0,31.08728814,0,2.277327935,14.40159707,3.032232971,2.518902462,0,0,0,0,0,0,1.211547537,0,0,0,0,14.78690631,0,0,1.559802906,0,0,0,0,0,0,0,20.76343695,0,0,0
HYS_2014_con_26,4.075659189,0.476190476,4.506093875,24.53604697,0.20661157,22.20718363,0,1.591852384,0,0,0,0,0,0,1.45661157,0,0,0,0,12.15198376,0,0,0.714343529,0,0,0,0,0,0,0,25.77890128,0,0,0
HYS_2014_chr_27,15.53055915,0.784266409,5.021554545,0,0,28.35631734,9.151812328,2.443318119,0,0,0,0,0,0,0.337837838,0,0,0,0,16.43576207,0,0,0,0,0,0.446428571,0,0,0,0,19.81502008,0,0,0
HYS_2014_chr_28,1.609430662,1.368504392,7.358493896,0,0.204918033,51.87283728,8.627919956,0.280898876,0,0,0,0,0,0,2.30414822,0,0,0,1.216542705,2.819878729,0,0,1.199594597,0,0,2.702702703,0,0,0,0,4.819737223,0,0,0
HYS_2014_con_29,2.549434063,0.943935927,3.775743707,0,11.61827215,53.19398346,3.919213037,0.600977635,0,0,0,0,0,0,2.047101028,0,0,0,0,15.3052374,0,0,1.004520501,0,0,0,0,0,0,0,0.438596491,0,0,0
HYS_2014_int_30,15.97777223,1.073232323,5.018939394,0,0.726010101,37.02269952,6.235778111,2.664349539,0,0,0,0,0,0.347222222,0,0,0,0,0,14.45568321,0,0,0.928238428,0,0,0,0,0,0,0,14.50840826,0,0,0
HYS_2015_chr_1,10.71077979,0.203252033,46.94564482,0,0,9.962040825,0,1.74241201,1.777878592,0.203252033,0,0,0,0,0,0,0,0,0,5.186771445,0,7.758114703,3.920130666,0,0,3.974852367,0,0,0,0,1.537493977,0,0,0
HYS_2015_int_2,3.428687433,0,22.34164303,0,10.14158215,25.64107974,4.787234043,7.202731262,0,0.242718447,0,0,0,0,0,0,0,0,0,16.36171366,0,0.485436893,4.193091045,0,0,0,0,0,0,0,2.883277428,0,0,0
HYS_2015_con_3,20.59832809,0,2.382970193,0,0,15.33951055,1.807129497,0.33557047,0,2.345837395,0,0,0,0,0,0,0,0,0,5.516959049,0,8.23308205,1.246429343,0,0,0,0,0,0,0,23.95403279,0,0,0
HYS_2015_int_4,6.438573911,0,21.23956932,3.92537509,12.98034914,20.28191952,4.088261649,7.817155689,0,0.609756098,0,0,0,0,0.878573302,0,0,0,0,11.1372759,0,1.040096473,3.635930899,0,0,0,0,0,0,0,1.578619381,0,0,0.23364486
HYS_2015_chr_5,5.932749427,0.453997589,17.61419113,0,1.262626263,5.783300569,0,0,0,0,0,0,0,0,0,0,0,0,0,2.875730276,0,8.928510278,2.255831002,0,0,39.61949203,0,0,0,0,8.836942016,0,0.381679389,0
HYS_2015_con_6,3.257360424,0,7.220058252,1.637306851,0.18115942,8.116205215,2.536231884,0,0,0.591436525,0,0,0,0,0,0,0,0,0,3.75288042,0,6.360464844,15.14443041,0,0,6.964768221,0,0,0,0,41.59867705,0,0,0
HYS_2015_con_7,4.032749846,3.37501119,2.889411006,1.121707864,1.507583052,37.6675649,6.597209077,0,0,0,0,0,0,0,0,0,0,0,0.633684031,5.45894858,0,1.159132458,9.149161276,0,0,18.23633763,0,0,0,0,5.528339918,0,0,0
HYS_2015_chr_8,6.595699318,3.544407895,21.7394615,0,0.277777778,27.73696394,1.843019006,1.573769493,0,1.446759259,0,0,0,0.231481481,0.769675926,0,0,0,0.263157895,7.988243177,0,0.526315789,3.524000975,0,0,9.958576998,0,0.540935673,0,0,5.071881092,0,0,0
HYS_2015_int_9,17.63065687,6.959093212,9.974881797,5.216354272,3.274316109,15.18262411,3.063660925,1.015957447,0,2.089539007,0,0,0,0,0,0,0,0,0,4.822019588,0,0,12.73687099,0,0,11.44018068,0,0,0,0,3.748438028,0,0,0
HYS_2015_con_10,12.5698821,0,1.044475884,0,0.324675325,23.06888237,0,0,0,0,0,0,0,0,0,0,0,0,0.634619112,4.794999452,0,0,20.91196158,0,0,26.99478328,0,0,0,0,6.228572693,0,0.329424307,0
HYS_2015_int_11,19.84231251,1.045538686,4.933932542,0,0.257731959,10.69726438,3.424375041,0,0,0,0,0,0,0,4.647659905,0,0,0,2.653419144,3.070962765,0,0,17.16103753,0,0,24.5407739,0,0,0,0,2.476721051,0,0,0
HYS_2015_chr_12,3.717289482,6.963638716,3.220357949,0,0.217391304,30.41513402,10.53386345,0.260416667,0,0,0,0,0,0,1.570587474,0,0,0,1.116681304,4.684551386,0,0,7.924425339,0,0,18.29485817,0,0,0,0,6.85454532,0,0,0
HYS_2015_chr_13,4.22611648,0.622141512,6.779179739,0,3.714434188,46.62489057,4.530548613,1.428251379,0,0,0,0.211864407,0,0.213675214,2.274716371,0,0,0.213675214,1.8329216,8.011075882,0,0.213675214,0.19379845,0,0,1.785714286,0,0,0,0,8.076102499,0,0.213675214,0.213675214
HYS_2015_int_14,8.442433653,0.427350427,2.847865546,0,54.73585446,0.1953125,23.75521307,2.408114325,0,0,0,0,0,0,0,0,0.408987714,0.1953125,0,4.192266306,0,0,0,0,0,0,0,0,0,0,0,0,0,0.607400412
HYS_2015_con_15,9.193289368,0,0.877192982,0,0.348537841,31.85805498,50.36871051,0,0,0,0,0,0,0,0.573908175,0,0,0,0,4.518847761,0,0,1.689457144,0,0,0,0,0,0,0,0.217391304,0,0,0
HYS_2015_int_16,3.542445472,0.252525253,12.78651002,0,12.21314569,24.63599739,21.81081625,1.486648456,0,0,0,0,0,0,1.503010878,0,0.263157895,0.240384615,1.769374202,8.431694295,0.252525253,0,0.996452378,0,0,0.245098039,0,0,0,0,7.814186158,0,0,0.263157895
HYS_2015_con_17,5.324250641,1.889909035,1.742865512,0,0.343499048,40.63316123,2.460212202,0,0,0,0,0,0,0,2.338686393,0,0,0,0.534315983,3.515902622,0,0,1.695786147,0,0,7.388398824,0,0,0,0,22.51402229,0,0,0
HYS_2015_chr_18,1.877741228,0,1.059933407,0,1.470588235,41.46054214,30.0245311,1.474544153,0,0,0,0,0,0.471698113,0,0,0,0,0,6.148343337,0,0,1.619022997,0,0,0.235849057,0,0,0,2.033633743,9.583957792,0,0,0
HYS_2015_int_19,4.824539725,31.72042767,1.221836716,0,0,1.318610194,6.697035393,0.242718447,0,0,0,0,0,0,0.485436893,0,0,0,1.748152506,2.735123627,0,0,7.532783684,0,0,35.5050644,0,0,0,0,1.484994611,0,0,0
HYS_2015_con_20,4.387141948,0.511768196,2.556641209,0,0.158227848,18.40506274,0.829761786,0.196850394,0,0.196850394,0,0,0,0,1.29455609,0,0,0.310559006,0.352129897,2.509173628,0,0,6.110579338,0,0,45.11523681,0,0,6.211180124,0,7.392664088,0,0,0
HYS_2015_chr_21,0.447409733,0,5.242860023,0,0.713817637,29.11443903,42.71773471,1.300109706,0,0,0,0.229357798,0,0.192307692,2.50328461,0,0,0,0,4.338318955,0.484459839,0,1.529467505,0,0,0,0,0,0,0,4.745596971,0,0.510204082,0.676767531
HYS_2015_con_22,3.366918781,1.5625,8.333435053,0,0,44.31918476,3.093485276,1.064692759,0,0,0,0.168918919,0,0,5.529713236,0,0,0,0,3.887244624,0,0,3.582035622,0,0,0.559701493,0,0,0,0,11.55997793,0,0,0
HYS_2015_chr_23,11.95747316,1.201923077,2.711830553,0,0,33.94207837,3.112006237,2.039360883,0,0,0,0,0,0,2.625966409,0,0,0,0,11.33592199,0,0,3.360408465,0,0,0,0,0,0,0,26.28958508,0,0,0
HYS_2015_int_24,0.674599664,0,6.244905968,0,21.23559371,11.3792847,38.26547395,2.19204017,0,0,0,0,0,0,1.622365808,0,0,0,0,10.8837762,0.793719389,0,1.468319053,0,0,0,0,0,0,0,1.82383101,0,0,0
HYS_2015_int_25,11.54237785,0,24.85502949,0,3.14768018,15.65538679,6.188118812,3.549052125,0,0,0.287356322,0,0,0.757575758,1.564811654,0,0,0,0,18.57585037,0,0,2.899676843,0,0,0,0,0,0,0,8.852235505,0,0,0
HYS_2015_con_26,13.66428211,0,7.969708168,27.14207968,0,10.33188806,0,0,0,0,0,0,0,0,1.760347471,0,0,0.242718447,0,3.635123079,0.263157895,0,4.363109697,0,0,0,0,0,0,0,27.39044711,0,0.499006951,0
HYS_2015_chr_27,52.3187988,1.191883373,14.2505044,0,0.520833333,7.624120552,5.445023007,1.361390202,0,0,0,0,0,0.265957447,0,0,0,0,0,5.293129206,0,0,0.265957447,0,0,0.78125,0,0,0,0,6.79331489,0,0,0
HYS_2015_chr_28,0.933334633,1.016260163,12.46750715,0,0.203252033,46.89185828,9.146341463,0,0,0,0,0,0,0,1.125928525,0,0,0,1.477384242,1.113190748,0,0,1.16060736,0,0,2.338129496,0,0,0,0,3.060705907,0,0,0
HYS_2015_con_29,4.637652219,0.724637681,3.868090338,0,7.964285155,57.76259441,6.059524699,0,0,0,0,0,0,0,0.710594524,0,0,0,0,7.596601003,0,0,4.384912988,0,0,0,0,0,0,0,0.18115942,0,0,0
HYS_2015_int_30,48.51553234,1.701680672,3.37535014,0,0.966386555,13.44291771,5.338468721,0.515873016,0,1.336336336,0,0,0,0,0.245098039,0,0,0,0,14.5336513,0,0,1.846405229,0,0,0,0,0,0,0,6.752656017,0,0,0
HYS_2016_chr_1,7.61835295,0,30.27883177,0,0,1.661153117,0.107758621,21.74253881,1.56726283,0,0,0.618410938,0.11682243,0.519716126,0,0.35046729,0.079617834,0.383816719,0,10.72177428,0,6.026945621,5.331623804,0.107758621,0,0.860170248,0,0.187376455,0,0,0.650811009,0,0,0
HYS_2016_int_2,3.781057523,0.134408602,5.074861236,0,9.530888811,2.972745935,4.561512876,43.43993626,0.285437833,0.36851788,0,0.531954058,0,0,0,0,1.198839842,0.711487741,0,15.69328882,0,0,5.871181575,0,0,0,0,0,0,0,0.67264574,0,0.647229115,0
HYS_2016_con_3,0.708031004,0,15.28159303,0,0.251256281,6.175120077,1.643456156,0.855401713,0,2.348463621,0,0,0,0,0,0,0,0,0.129533679,5.982649225,0,17.31417295,2.990573643,0,0,0,0,0,0,0,22.34378803,0,0,0
HYS_2016_int_4,1.777867982,0,6.557770723,1.704720252,12.59937223,2.189250836,3.236340773,35.86375438,0,0.778322827,0,1.509672154,0,0,0,0,3.104988446,0.478287276,0.816993464,13.93852326,0.665710215,0.469396807,6.170471203,0,0,0,0,0,0,0,0.140449438,0,0.112612613,0.303848131
HYS_2016_chr_5,1.5349081,0.661720038,9.797387626,0,0,2.315159192,0,1.604439499,0,0,0,0,0.18115942,0.366344605,0,0,0,0,0,14.28340524,0,9.506838635,23.52022146,0,0,21.15498127,0,0,0,0,8.830916497,0,0,0
HYS_2016_con_6,0.225234324,0,5.138344439,1.028724235,0.120192308,3.23554763,0.365853659,0.120192308,0,0.900217071,0,0,0,0.225234324,0,0,0,0,0,4.261033532,0,12.2379835,25.15711468,0,0,8.813677356,0,0,0,0,36.89322693,0,0,0
HYS_2016_con_7,0.974627939,4.804506589,3.866355668,1.042464209,1.234741784,27.44124633,5.046937112,0.234741784,0,0.285714286,0,0,0,0,0,0,0,0,0.974513749,5.883795184,0,0.643459494,20.57303319,0,0,20.1729693,0,0,0,0,4.414121018,0,0,0
HYS_2016_chr_8,0.993531046,6.415890709,14.60610971,0,0,11.37524152,0.476190476,15.51208257,0,1.023391813,0,0,0,2.035945403,0.155279503,0,0.119047619,0,0.238095238,21.48289436,0.119047619,0,8.231723535,0,0,4.980499988,0,0.621118012,0,0,4.918748484,0,0,0
HYS_2016_int_9,8.879744126,4.745196385,6.651998734,3.262702064,3.00304522,9.124809309,1.162874144,9.33008448,0,6.216508131,0,0.775285061,0,0,0,0.158227848,0,0,0,6.59794577,0,0,26.79722814,0,0,6.758902493,0,0,0,0,1.789163177,0,0.158227848,0
HYS_2016_con_10,7.688796715,0,0.678952541,0,0.441985716,19.76771772,0.450642038,0,0,0,0,0,0,0.118483412,0,0.106837607,0,0,0.678952541,2.435370419,0,0,31.27982383,0,0,29.04124409,0,0,0,0,4.69787006,0,0,0
HYS_2016_int_11,6.684712628,2.597787633,4.405845271,0,0.273224044,9.19550383,2.847384856,2.273136845,0,0,0,0,0,0.357142857,0.493754879,2.395016135,0,0,3.503338257,8.202263559,0,0,31.40047605,0,0,11.46672778,0,0,0,0,1.293873523,0,0.807098617,0
HYS_2016_chr_12,1.892062733,5.399995339,1.146412427,0,0.125,13.65364549,12.95719741,0.135135135,0,0.125,0,0.457256931,0,0,2.103861869,0.332256931,0,0,1.97665934,7.462314034,0,0,30.21362777,0,0,5.501070762,0,0,0,0.135135135,9.93917776,0,0,0
HYS_2016_chr_13,0.997746816,0.394736842,0.933623426,0,10.73039746,5.201507482,3.786046301,17.62002244,0,0,0,8.892992541,0,1.230813789,1.547364237,0,1.590734909,3.016890648,2.613324485,17.1895481,0,0,1.351351351,0,0,0.307125307,0.102880658,0,0,0,5.674780309,0,0.924409258,0
HYS_2016_int_14,4.157941395,0.456621005,0.456621005,0,40.4932477,0.342465753,12.36491706,9.77723479,0,0,0,2.083108837,0,0.538492288,0.114155251,0.303030303,5.845444103,9.468632348,0,2.695275745,2.604097813,0,0,0,0,0,0.272821885,0.151515152,0,0,0,0,0,0
HYS_2016_con_15,9.425973946,2.66645237,1.534641473,0,0.23255814,18.37296601,38.75214499,3.025492239,0,0,0,0.11627907,0,0,1.698275525,0,0.348837209,0,0,19.88824037,0,0,1.931493683,0,0,0,0,0,0,0,0,0,0,0
HYS_2016_int_16,5.261833393,1.676829268,4.00696589,0,17.83737434,4.505446473,19.08718798,11.41863133,0,0,0,2.6669445,0,1.430654033,0.300763958,0,2.46223208,1.13144437,3.698095985,10.06451369,1.447127976,0,1.254196473,0,0,0,0.453202983,0,0,0,3.565226937,0,0,0
HYS_2016_con_17,5.465212725,5.719094566,1.94653753,0,0.963871805,27.54865013,5.216779638,0.807621528,0,0,0,0,0,0.097276265,2.751205023,0,0,0,0.680905116,2.331590108,0,0,4.38458506,0,0,11.27044074,0.67025889,0,0,0,19.96490735,0,0,0
HYS_2016_chr_18,4.791936019,0,0.387596899,0,3.884630375,12.79953911,9.784284029,16.41824859,0,0,0,0.419029289,0,0.374685576,0.335041387,0,0.282485876,0.279329609,0,36.38180516,0,0,4.181917766,0,0,0.417486032,0,0,0,2.127637634,3.485726089,0,0,0
HYS_2016_int_19,3.97177405,21.93666533,1.735050089,0,0.132978723,2.130399288,6.79319293,2.80215899,0,0,0,1.989927436,0,1.381657017,0.806451613,0.123152709,0.322580645,0.294269046,2.628769386,6.614103684,0,0,15.22099876,0,0,21.92541376,0,0,0,0,0.39893617,0,0,0
HYS_2016_con_20,4.352617299,0.940860215,1.586914107,0,0.7984723,13.88978803,1.491374688,0.936528098,0.280898876,0.421348315,0,0.134408602,0,0,1.332915444,0,0,0,0.284090909,2.568807387,0,0,12.83882292,0,0,34.97311449,0.418499511,0,6.960227273,0,10.24513884,0,0,0
HYS_2016_chr_21,1.717359395,0,2.515205772,0,0.801282051,4.689821279,32.41919701,16.62984359,0,0,0,1.041293537,0.100401606,0.408500957,0.755783872,0.480769231,1.753170579,0.100401606,0,21.73176901,0.313630643,0,2.7806627,0,0,0.153374233,0.207697744,0,0,0,2.209795835,0,0,0
HYS_2016_con_22,13.22369207,0.845410628,4.317848516,0,0,25.82352883,3.151908478,9.437991055,0,0,0,0,0,0.28731685,4.35678452,0,0,0,0,7.260312152,0,0,7.552738626,0,0,0.274725275,0,0,0,0,13.02167941,0,0,0
HYS_2016_chr_23,12.53906737,1.097560976,0.752487121,0,3.242537532,5.810721915,3.024924181,22.65053927,0,0,0,2.508916867,0,0.12195122,2.668868783,0,0,0.14619883,0,26.30165185,0,0,5.90528726,0,0,0,0.126262626,0,0,0,7.183683503,0,0,0
HYS_2016_int_24,1.446251425,0,1.863024718,0,20.76164354,2.261527421,30.15574691,8.233009489,0,0,0,0.469248208,0,0.972103407,0.82675457,0,0.348072399,0,0,15.80019304,0.660087903,0,1.198999997,0,0,0,0.974553312,0,0,0,2.201257862,0,0,0
HYS_2016_int_25,10.25742591,0,11.44275623,0,10.27060752,8.431994655,6.224332062,11.51627821,0,0,0,1.615614846,0,0.913818204,3.009186354,0.292397661,0.119047619,0.489336085,0,14.84746664,0,0,5.78328236,0,0,0.159235669,0.688759804,0,0,0,6.326888784,0,0,0
HYS_2016_con_26,4.815283154,0,5.610089802,14.16256837,0.393195314,16.05521098,1.354146869,2.857099518,0,0,0,0,0,0.134408602,0.850871167,0,0,0.124378109,0,6.322345847,0,0,5.322699254,0,0,0,0.102040816,0,0,0,36.49939913,0,0,0
HYS_2016_chr_27,6.424038838,0,1.424997475,0,0.208347802,4.145942538,5.091874271,33.21028928,0,0,0,0.329120749,0,4.139052131,0,4.414028711,0.103305785,0.430690302,0,29.19040162,0,0,3.053446334,0,0,0,0,0,0,0,1.345404382,0,0.457875458,0
HYS_2016_chr_28,1.210815917,1.484190567,5.386903376,0,0.326797386,29.22977932,6.098718142,0.307907363,0,0,0,0.321626541,0,0.600172036,0.62436306,0,0.158227848,0,2.658927417,14.14051931,0.144508671,0,5.5981768,0,0,1.878612717,0.158227848,0,0,0,4.256441233,0,0,0
HYS_2016_con_29,9.628159006,1.844578466,1.515126871,0,11.31057198,35.25635983,3.34122509,1.354988355,0,0,0,0,0,0.382930914,0.818637728,0,0.092592593,0.307734205,0,8.516271831,0,0,8.237464616,0,0,0,0.210517121,0,0,0.12254902,1.698901674,0,0.353773585,0
HYS_2016_int_30,12.84936644,0,1.125887698,0,1.721854383,6.734801926,4.377312374,29.62211436,0,0.704408401,0,6.42970404,0,2.38608575,0.252525253,3.427293909,0,0.235432932,0,16.07881889,0,0,7.353098901,0,0,0,0.223849205,0,0,0,1.421724384,0,0.442189816,0
HYS_2017_chr_1,4.110034878,0,26.18898787,0,0,10.84391904,0.34965035,11.39160825,1.577834546,0,0,0,0,0.265957447,0,0,0,0,0,7.216254895,0,8.492975881,9.290217067,0,0,4.224278119,0,0,0,0,3.574890785,0,0,0
HYS_2017_int_2,6.944189493,0.201612903,5.453688899,0,7.048507313,6.174338489,5.573195187,31.12353758,0,0.740890689,0,0,0,0,0,0,0,0.201612903,0,18.63900591,0,0.27819851,9.317344816,0,0,0,0,0,0,0.144508671,2.312138728,0,0,0.13368984
HYS_2017_con_3,0.120772947,0,3.464573269,0,0,10.54007659,0,0,0,3.551841836,0,0,0,0,0,0,0,0,0,4.497546017,0,20.16363097,0.30480241,0,0,0,0,0,0,0,33.38755596,0,0,0
HYS_2017_int_4,4.365242206,0,8.274947778,2.167528514,9.684836804,10.64737658,3.747965274,35.49427886,0,1.796252138,0,0,0,0.128865979,0,0,0,0.263157895,0,10.49081142,0.647125915,1.520402599,4.386506872,0,0,0,0,0,0,0,0.497512438,0,0,0.128865979
HYS_2017_chr_5,0.584192577,2.340813026,10.66004355,0,1.187037689,5.15829304,0,0.737935893,0,0,0,0,0,0,0,0,0,0,0,2.634930673,0,13.22854291,8.614015285,0,0,32.45351543,0,0,0,0,8.855991226,0,0,0
HYS_2017_con_6,0.309732832,0,2.574516518,0.887529217,0,6.611386879,0.280898876,0,0,0.438131581,0,0,0,0.170068027,0,0,0,0,0,2.394524097,0,11.36735255,11.20880296,0,0,16.43445899,0,0,0,0,45.28626134,0,0,0
HYS_2017_con_7,0.538600414,9.909155701,2.025592557,1.013326794,0.617944147,21.10475246,5.665056412,0.538600414,0,0.326797386,0,0,0,0.163398693,0,0,0,0,0.47472638,2.752164879,0,4.110028986,17.29100085,0,0,24.86047763,0,0,0,0,5.739688918,0,0,0
HYS_2017_chr_8,0.523023954,9.346685523,15.21062633,0,0,16.41338641,2.813934219,13.20485086,0,1.876225989,0,0,0,0,0.595238095,0,0,0.336941872,0.13368984,3.696969104,0,0,10.14319178,0,0,10.69898431,0,1.00174216,0,0,7.305754591,0,0,0
HYS_2017_int_9,1.735990464,6.451326598,8.753587952,1.633403361,0.997592295,14.01319517,0.702247191,14.66862194,0,5.309165801,0,0.324272968,0,0,0,0,0,0,0,3.670250685,0,0,26.56642432,0,0,9.890225191,0,0,0,0,1.870928147,0,0,0
HYS_2017_con_10,1.75380253,0,0.625891075,0,0,19.94899247,0,0,0,0,0,0,0,0,0,0,0,0,0.30121575,1.968438194,0,0.238095238,25.88922452,0,0,35.59516343,0,0,0,0,10.58104781,0,0,0
HYS_2017_int_11,2.858925388,2.26636109,8.791061879,0,0.300356506,13.3008658,4.541889483,2.292971734,0,0.620702827,0,0,0,0.324675325,0.783040489,0.166666667,0,0,1.890756303,4.111917494,0,0,34.84975809,0,0,11.88439012,0,0,0,0,1.311688312,0,0,0
HYS_2017_chr_12,0.635233774,5.629967778,4.998778807,0,0.15060241,19.74223663,7.101450473,0,0,0,0,0.182481752,0,0,6.50723387,0,0,0,1.100816544,3.452794118,0,0,29.38417506,0,0,4.196093904,0,0,0,0.377794252,10.35324857,0,0,0
HYS_2017_chr_13,2.4254957,0.274725275,5.026576684,0,11.58265647,4.642707836,4.739010989,23.45138557,0,0,0,0,0,0.539148352,8.240414477,0,0,0.471213569,1.251493072,19.79082059,0,0,1.154891304,0,0,0,0,0,0,0,5.846870521,0,0,1.006927855
HYS_2017_int_14,11.9469882,0.347222222,1.273148148,0,26.91994811,0,19.99264856,17.90304487,0,0,0,0,0,0.568337912,0.762070106,0,0.299107143,0.395960521,0,5.617877493,0.878103378,0,0,0,0,0,0,0,0,0,0,0,0,2.461945462
HYS_2017_con_15,13.57776782,1.418439716,0.654011127,0,0.327005563,10.33845669,30.26970506,1.58394928,0,0,0,0.208333333,0,0,4.227502442,0,0.177304965,0,0,28.73944073,0,0,4.479925094,0,0,0,0,0,0,0,0,0,0,0
HYS_2017_int_16,8.499090521,4.838709677,12.2980302,0,9.848966435,8.205996654,13.15535021,14.64562881,0,0,0,0,0,0.642887572,1.71703657,0,0.319518171,0.473052067,2.532876086,10.49491822,0.966678334,0,1.746430798,0,0,0,0,0,0,0,1.606778277,0,0,0.781751337
HYS_2017_con_17,4.010616617,3.9701863,2.343174731,0,0.170068027,32.41231446,1.360544218,0.367331617,0,0,0,0,0,0.338986946,5.388568968,0,0,0,0.980217958,1.65819185,0,0,5.355313431,0,0,17.83353754,0,0,0,0,17.34057009,0,0,0
HYS_2017_chr_18,16.18661383,0,0,0,1.370480947,7.673093765,11.62498462,22.2155213,0,0,0,0.2,0,0.902710527,0.866666667,0,0,0.204918033,0,30.56224442,0,0,2.063355408,0,0,0.204918033,0,0,0,1.436043861,0.331125828,0,0,0
HYS_2017_int_19,7.799578018,27.16340942,0.681321139,0,0,1.591774413,6.911692459,3.45494669,0,0.564971751,0,0,0,0.531843682,0.282485876,0,0,0,1.362463991,3.096027909,0,0,15.90581331,0,0,25.45747278,0,0,0,0,0.946969697,0,0,0
HYS_2017_con_20,3.402277977,0.702737235,1.885395306,0,0.187969925,10.26736851,0,0.540762557,0,0.378787879,0,0,0,0.539338542,2.761806477,0,0,0,0.540762557,0.728732482,0,0,10.28914756,0,0,49.64126001,0,0,7.352941176,0,4.272685948,0,0,0
HYS_2017_chr_21,7.891617791,0,4.751344086,0,0.161290323,4.28895813,31.94210248,22.69601254,0,0,0,0.161290323,0,0.173611111,1.029345878,0,0.161290323,0.173611111,0,13.84764989,0.208333333,0,1.330746986,0,0.322580645,0,0,0,0,0.189393939,2.456317204,0.173611111,0,0.606060606
HYS_2017_con_22,28.97888782,1.652892562,4.638499139,0,0,19.33288407,4.129935196,1.466700368,0,0,0,0,0,0.779130654,9.691070602,0,0,0,0.20661157,5.480161908,0,0,8.040623148,0,0,0,0,0,0,0,5.873763634,0,0,0
HYS_2017_chr_23,22.91158868,0.886524823,1.719306907,0,1.678601344,3.769433831,4.509430707,26.07299766,0,0,0,0,0,0,5.776797829,0,0,0,0,24.4963892,0,0,1.697125743,0,0,0.35971223,0,0,0,0,3.938976478,0,0,0
HYS_2017_int_24,4.359956471,0,4.929441894,0,15.72755905,2.182862514,27.40030789,8.627112243,0,0,0,0,0,1.708579409,1.691319639,0,0,0,0.141242938,12.31185487,0.661428955,0,1.268937622,0,0,0,0,0,0,0,1.933701657,0,0,0.475874507
HYS_2017_int_25,9.43965309,0,15.78854639,0,6.337717538,6.968744041,3.332782918,14.96838913,0,0,0,0,0,0.612024704,3.386321128,0,0,0.166666667,0,17.94176375,0.166666667,0,6.750982303,0,0,0,0,0,0,0,4.448738256,0,0,0.166666667
HYS_2017_con_26,4.844586705,0.140449438,5.394857974,13.72491248,0.287356322,16.92967592,0.555766073,2.419079258,0,0,0,0.140449438,0,0.431034483,2.625829555,0,0,0.421490236,0.14619883,5.548364225,0,0,3.886282257,0,0,0,0,0,0,0,31.29370556,0,0,0.281040798
HYS_2017_chr_27,18.0681995,0.728810043,2.305996473,0,0,10.29774873,7.129013642,27.054155,0,0,0,0,0,0,0,0,0,0.308641975,0,18.4683642,0,0,1.989314244,0,0,0.625,0,0,0,0,5.597118477,0,0,0
HYS_2017_chr_28,1.757362455,1.786163782,6.859105533,0,0.636208639,21.35331909,7.133737896,0,0,0,0,0.42402096,0,2.464932385,0.873348373,0,0,0,1.893804085,6.824070802,0,0,7.04165866,0,0,3.971962617,0,0,0,0,8.367129634,0,0,0
HYS_2017_con_29,11.66794212,1.063829787,4.253475386,0,5.003409878,34.23449981,1.679104478,0,0,0,0,0,0,0.773708194,0.914137891,0,0,0.204918033,0,3.440354037,0,0,10.88698902,0,0,0,0,0,0,0,0.373134328,0,0.177304965,0
HYS_2017_int_30,17.32364507,0.68729334,4.166373726,0,2.064241852,5.906150408,5.782544774,20.01465415,0,1.936411297,0,0.154320988,0,1.076071155,1.055867415,0.154320988,0,0.691766107,0,14.28377811,0,0,8.061107185,0,0,0,0,0,0,0,0.856164384,0,0.171232877,0
