ID,Allionia_incarnata,Aristida_adscensionis,Aristida_purpurea,Astragalus_feensis,Bahia_dissecta,Bouteloua_eriopoda,Bouteloua_gracilis,Chamaesyce_albomarginata,Chaetopappa_ericoides,Chenopodium_incanum,Chamaesyce_serrula,Chamaesyce_serpyllifolia,Cryptantha_crassisepala,Dasyochloa_pulchella,Ephedra_torreyana,Eriogonum_abertianum,Euphorbia_exstipulata,Oenothera_suffrutescens,Hoffmannseggia_drepanocarpa,Hymenopappus_filifolius,Ipomopsis_pumila,Kallstroemia_parviflora,Linum_puberulum,Machaeranthera_gracilis,Machaeranthera_pinnatifida,Muhlenbergia_arenicola,Phacelia_crenulata,Pleuraphis_jamesii,Plantago_patagonica,Scleropogon_brevifolius,Sphaeralcea_hastulata,Sporobolus,Sphaeralcea_polychroma,Stephanomeria_pauciflora
SBL_2012_con_1,0,0,0,0,0,24.26549423,63.30464419,0,0,0,0,7.864006761,0,0,0,0,0,0,0,0,0,0,0,0,0,0,0,0,0,0,0,0,0,4.08997955
SBL_2012_del_2,0,0,0,0,0,15.2083929,78.30374103,0,0,0,0,5.675873412,0,0,0,0,0,0,0,0,0,0.296912114,0,0,0,0,0,0,0,0,0,0,0,0
SBL_2012_chr_3,0,0,0,0,0,13.68541176,74.69748418,0,0,0,0,10.29443091,0,0,0,0,0,0,0,0,0,0,0,0,0,0,0,0,0,0,0,0,0,0
SBL_2012_con_4,9.702457956,0,0,0,0,16.57934709,40.79460145,0,0,0,0,16.06792791,0,0,0,0,0,0,0,0,0,0,0,0,0,1.697044996,0,0.096711799,0,0,0,10.10200235,0,3.883767007
SBL_2012_chr_5,0,0,0,0,0,46.0435809,39.62089956,0,0,0,0,4.566247989,0,0,0,0,0,2.924693435,0,0,0,3.91768024,0,0,0,0,0,0,0,0,0,2.82028807,0,0
SBL_2012_con_6,0,0,0,0,0,13.02228386,78.31303093,0,0,0,0,5.4779183,0,0,0,0,0,1.741297576,0,0,0,0,0,0,0,0,0,0,0,0,0,0,0,0
SBL_2012_del_7,0,0,0,0,0,18.96168681,71.65837622,0,0,0,0,7.603455431,0,0,0,0,0,0,0,0,0,0,0,0,0,0,0,0,0,0,0,1.396648045,0,0
SBL_2012_del_8,0,0,0,0,0,34.11821499,57.22942361,0,0,0,0,5.269408982,0,0,0,0,0,0.877436335,0,0,0,0,0,0,0,0,0,0,0,0,0.681818182,1.369327074,0,0
SBL_2012_chr_9,0,0,0,0,0,28.48513192,61.20365746,0,0,0,0,7.737088053,0,0,0,0,0,0,0,0,0,0,0,0,0,0,0,0,0,0,0,0,0,0.4
SBL_2012_con_10,0,0,0,0,0,26.22743029,68.22542415,0,0,0,0,2.906936669,0,0,0,0,0,0,0,0,0,0,0,0,0,0,0,0,0,0,1.126126126,1.028363528,0,0
SBL_2012_chr_11,0,0,0,0,0,17.18124866,59.46030185,0,0,0,0,1.807625677,0,3.564257028,0,0,0,0,0,0,0,0,0,0,0,11.94751495,0,0,0,0,0,5.938650229,0,0
SBL_2012_del_12,0,0,0,0,0,27.90612451,70.4333125,0,0,0,0,0.09765625,0,0.254065041,0,0,0,0,0,0,0,0,0,0,0,0,0,0,0,0,0,0.762195122,0,0
SBL_2012_con_13,0,0,0,0,0,7.221121677,57.2957043,0,0,0,0,11.6182523,0,1.470053264,0,0,0.301204819,0,0,0,0,2.581755594,0,0,0,0,0,0,0,0,0,18.67836375,0,0
SBL_2012_chr_14,0,0,0,0,0,17.87309035,61.60595916,0,0,0,0,9.74759712,0,0.299760192,0,0,0,0.12254902,0,0,0,0,0,0,0,0,0,0,0,0,2.398081535,7.844502757,0,0
SBL_2012_del_15,0,0,0,0,0,17.26628322,74.23609251,0,0,0,0,0.210970464,0,0,0,0,0,0,0,0,0,0,0,0,0,2.114427861,0,0,0,0,0,4.197847836,0,0
SBL_2012_con_16,0,0,0,0,0,28.91511755,68.06049435,0,0,0,0,0,0,0,0,0,0,2.395607364,0,0,0,0,0,0,0,0,0,0,0,0,0.437062937,0,0,0
SBL_2012_chr_18,0,0,0,0,0,30.61889217,62.21489051,0,0,0,0,5.230263158,0,0,0,0,0,0.822368421,0,0,0,0,0,0,0,0,0,0,0,0,1.113585746,0,0,0
SBL_2012_con_19,0,0,0,0,0,9.213302365,86.98156968,0,0,0,0,0,0,0,0,0,0,0,0,0,0,0,0,0,0,0,0,0,0,0,3.175971619,0,0,0
SBL_2012_chr_20,0,0,0,0,0,30.55907304,62.77920534,0,0,0,0,0.823211876,0,0,0,0,0,0.920810313,0,0,0,0,0,0,0,0,0,0,0,0,3.683241252,0,0,0
SBL_2012_del_21,0,0,0,0,0,30.22465631,65.88881003,0,0,0,0,0.09487666,0,0,0,0,0,0,0,0,0,0,0,0,0,3.565207723,0,0,0,0,0,0,0,0
SBL_2012_con_23,0,0.253036437,0,0,0,42.56614836,47.72130679,0,0,0,0,8.286530774,0,0,0,0,0,0,0,0,0,0,0,0,0.831485588,0,0,0,0,0,0,0,0,0
SBL_2012_chr_24,0,0,0,0,0,26.75651327,65.37823801,0,0,0,0,3.302248895,0,0,0,0,0,0,0,0,0,0,0,0,0,0,0,0,0,0,0,0,0,2.08913649
SBL_2012_del_25,0,0,0,0,0,34.79438269,41.41981313,0,0,0,0,8.688724708,0,0.322997416,3.976143141,0,0,0.814863103,0,0,0,0,0,0,0,0,0,0,0,0,0,7.70533341,0,0
SBL_2012_con_26,0,0,1.036484245,0,0,12.411862,82.36680605,0,0,0,0,0,0,0,0,0,0,0.070323488,0,0,0,0,0,0,0,0,0,0,0,0,0.803858521,2.69266664,0,0
SBL_2012_chr_27,0,0,0,0,0,21.23556944,66.20221992,0,0,0,0,4.98136007,0,0,0,0,0,0,0,0,0,0,0,0,0,0,0,0,0,0,0,6.334459459,0,0
SBL_2012_del_28,0,0,0,0,0,6.626256112,47.71113003,0,0,0,0,6.863819267,0,0.260416667,0,0,0.745680894,0,0,0,0,0,0,0,0,0,0,0,0,0,2.212389381,33.13239098,0,1.5625
SBL_2012_del_29,0,0,0.100321027,0,0,25.00507421,49.16827763,0,0,0,0,8.589426222,0,0,0,0,0,0,0,0,0,0,0,0,0,0,0,0,0,0,3.067484663,12.97894775,0,0
SBL_2012_con_30,0,0,0,0,0,15.31268318,62.15594725,0,0,0,0,13.96599716,0,0,0,0,0,0.199680511,0,0,0,0,0,0,0,0,0,0,0,0,0,5.618437876,0,0.152439024
SBL_2012_chr_31,0,0,0,0,0,5.322207881,63.86621408,0,0,0,0,25.01577204,0,0,0,0,0,1.76031766,0,0.365497076,0,0,0,0,0,0,0,0,0,0,0,3.073332556,0,0
SBL_2012_del_32,0,0,0,0,0,42.83261923,42.03341695,0,0,0,0,8.908870595,0,0,0,0,0,2.700680155,0,0,0,0,0,0,0,0,0,0,0,0,0,0,0,1.157407407
SBL_2013_con_1,0,0,0,0,0,22.42356751,59.35058167,0,0,0,11.65045972,3.963437656,0,0,0,0,0,0,0,0,0,0,0,0,0,0,0,0,0,0,0,0.225468975,0,1.327668614
SBL_2013_del_2,0,0,0,0,0,14.66841682,75.81429613,0,0,0,2.407124609,2.403095757,0,0,0,0,0,0,0,0.30875425,0,0,0,0,0,0,0,0,3.347352114,0,0,0,0,0
SBL_2013_chr_3,0,0,0,0,0,18.34487662,74.18065424,0,0,0,0,2.265420255,0,0,0,0,0,0,0,0,0,0,0,0,0,0,0,0,0,0,0,2.083333333,0,0
SBL_2013_con_4,1.67255157,0,0,0,0,13.60421871,34.87715409,0,0,0,0,22.4014894,0,0,0,0,0.986017195,0,0,0,0,0,0,0,0,2.707986191,0,0,0,0,0,15.94931458,0,0.691562932
SBL_2013_chr_5,0,0,0,0,0,43.74828383,43.43877676,0,0,0,0,1.7953833,0,0,0,0,0,0.492761317,0,0,0,1.033057851,0,0,0,0,0,0,0,0,0,3.125903028,0,0
SBL_2013_con_6,0,0,0,0,0,10.87493273,64.43640003,0,0,0,0,17.47991336,0,0,0,0,0,1.247720175,0,0,0,2.766251729,0,0,0,0,0,0,0,0,0,0,0,0
SBL_2013_del_7,0,0,0,0,0,23.3216776,69.66418795,0,0,0,0,0,0,0,0,0,0.01300052,0,0,0.355466273,0,0,0,0,0,0,0,0,0.152364946,0,0,2.081021088,0,0
SBL_2013_del_8,0,0,0,0,0,35.89877829,52.10794795,0,0,0,0,3.094072136,0,0,0,0,0,1.433808184,0,0.016244314,0,0,0,0,0,0,0,0,0.173716408,0,0,1.293995859,1.786511836,0
SBL_2013_chr_9,0,0.381097561,0,0,0,31.17584567,59.52473601,0,0,0,0,2.252356444,0,0,0,0,0,0.09409108,0,0,0,0,0,0,0,0,0,0,0,0,0,0,0,2.572429338
SBL_2013_con_10,0,0,0,0,0,16.81732127,69.53220562,0,0,0,0,9.057006362,0,0,0,0,0.33780785,0,0,0,0,0,0,0,0,0,0,0,0,0,0.09057971,1.558082448,0,0
SBL_2013_chr_11,0,0,0,0,0,13.98503131,61.28052297,0,0,0,0,0.120481928,0,0.958029197,0,0,0,0,0,0,0,0,0,0,0,9.963759011,0,0,0,0,0,12.04983981,0,0
SBL_2013_del_12,0,0,0,0,0,30.1346136,64.45747472,0,0,0,0,0,0,0.282933454,0,0,0.012703252,0,0,0.350959289,0,0,0.023120926,0,0,0,0,0,0.684709559,0,0,2.402059019,0,0
SBL_2013_con_13,0,0.235849057,0,0,0,2.87530786,48.70337409,0,0,0,0,9.427960398,0,0.646489162,0,0,0.376506024,0,0,0,0,0,0,0,0,0,0,0,0,0,0,23.30574656,0,0
SBL_2013_chr_14,0,0,0,0,0,18.36737192,57.14140017,0,0,0,0,0,0,0.117647059,0,0,0,0,0,0,0,0,0,0,0,0,0,0,0,0,1.764705882,15.04656233,0,0.360230548
SBL_2013_del_15,0,0,0,0,0,19.39403962,68.74574692,0,0,0,0,0.399374851,0,0,0,0,0,0.150240385,0,0.398089172,0,0,0.013269639,0,0,1.201923077,0,0,0.336841453,0,0.543478261,6.046945771,0,0
SBL_2013_con_16,0,0,0,0,0,22.09317474,60.2581125,0,0,0,0,15.05448802,0,0,0,0,0,1.202184882,0,0,0,0,0,0,0,0,0,0,0,0,0.679347826,0.09057971,0,0
SBL_2013_chr_18,0,0,0,0,0,31.52225119,66.03111164,0,0,0,0,1.46713615,0,0,0,0,0,0.146370023,0,0,0,0,0,0,0,0,0,0,0,0,0.284738041,0,0,0
SBL_2013_con_19,0,0,0,0,0,7.972424859,68.42965536,0,0,0,0,6.090669451,0,0,0,0,0,0,0,0,0,0,0,0,0,0,0,0,0,0,1.526049679,0,0,0
SBL_2013_chr_20,0,0,0,0,0,26.06548351,37.25219569,0,0,0,0,29.72804386,0,0,0,0,0,0.506072874,0,0,0,0,0,0,0,0,0,0,0,0,3.373819163,0,0,0
SBL_2013_del_21,0,0.740228977,0.98697197,0,0,36.71670374,54.04530836,0,0,0,0,0.045087935,0,0,0,0,0,0.233972859,0,0.353632362,0,0,0,0,0,1.981762809,0,0,1.189078493,0,0,0,0,0
SBL_2013_con_23,0,0.437663892,1.046025105,0,0,36.12353985,36.95044534,0,0,0,0,22.33592581,0,0,0,0,0,0,0,0,0,0,0,0,0,0,0,0,0,0,0,0.201288245,0,0
SBL_2013_chr_24,0,0,0,0,0,34.71520189,54.73941034,0,0,0,0,2.474412001,0,0,0,0,0,0,0,0,0,0,0,0,0,0,0,0,0,0,0.382133505,0,0,4.073319756
SBL_2013_del_25,0,0,0,0,0,33.6773163,35.04366318,0,0,0,0,6.577583316,0,0.113019892,3.109452736,0,0.090645395,0.76417225,0,0.089445438,0,3.498134328,0.027193619,0,0,0,0,0,0.151517554,0,0,11.13190794,0,0
SBL_2013_con_26,0,0.748959921,0,0,0,12.67626172,49.00034679,0,0,0,0,35.67732795,0,0,0,0,0,0.201062201,0,0,0,0,0,0,0,0,0,0,0,0,0.335120643,1.019867906,0,0
SBL_2013_chr_27,0,0,0,0,0,20.31777414,69.45006998,0,0,0,0,0.64202444,0,0,0,0,0,0,0,0,0,0,0,0,0,0,0,0,0,0,0,6.566604128,0,0
SBL_2013_del_28,0,0.447227191,0,0,0,16.68219072,39.23389209,0,0,0,0,4.222275251,0.367155735,0.313059034,0,0,0,2.887172722,0,0.426597517,0,0,0,0.022872827,0,0.089445438,0,0,1.875435965,0,1.715462031,26.58635224,0.276854928,0.785204923
SBL_2013_del_29,0,0,0,0,0,22.12319214,45.60276736,0,0,0,0,7.444281856,0.041514447,0,0,0,0.111457869,0,0,0.008302889,0,0,0,0,0,0,0,0,1.316732741,0,3.579904319,16.21008448,0,0
SBL_2013_con_30,0,0,0,0,0,10.16364184,49.13870578,0,0,0,0,9.889657148,0,0,0,0,0.0456621,0.114155251,0,0,0,0,0,0,0,0,0,0,0,0,0,10.99259158,0,0
SBL_2013_chr_31,0,0,0,0,0,5.221710511,66.03374283,0,0,0,0,3.475735864,0,0,0,0,0,1.210162165,0,0.092081031,0,0,0,0,0,0,0,0,0,0,0,12.89179665,0,0
SBL_2013_del_32,0,0,0,0,0,38.03021789,45.03258113,0,0,0,0,4.838735191,0.345802543,0,0,0,0,1.481042654,0,0.330672369,0,0,0,0.009735202,0,0,0,0,4.417041492,0,0,0,0,0.861276987
SBL_2014_con_1,0,0,0,0,0,33.39337327,54.24070811,10.48508549,0,0,0,0.012124151,0,0,0,0,0,0,0,0,0,0,0,0,0,0,0,0,0,0,0,0.134612336,0,0.711642471
SBL_2014_del_2,0,1.064256503,0,0,0,8.34968584,44.18541722,7.742436125,0,0,0,5.364958131,0,0,0,0,0,0,0,0.524253409,0,0,0,0,0,0,0,0,10.87529573,0,0,0.023622047,0,0
SBL_2014_chr_3,0,2.705265498,0,0,0,7.489950254,7.722050355,5.744544285,0,0,0.541359896,37.08696922,0,0.006985191,0,0,3.80066761,0,0,0,0,2.151617435,0,0,0,0,0,0,0.006985191,0,0,2.032806631,0,0
SBL_2014_con_4,0.26463515,0.300601202,0,0,0,30.27837556,50.73640254,0,0,0,0,4.911407593,0,0,0,0,0.330979164,0,0,0,0,0,0,0,0,2.230424221,0,0,0,0,0,3.644854172,0,0
SBL_2014_chr_5,0,0,0,0,0,18.39125356,9.537141901,0,0,0,0,62.9381779,0,0.004876146,0,0,0.03342246,0.334224599,0,0,0,0.536376048,0,0,0,0,0,0,0,0,0,1.735407756,0,0
SBL_2014_con_6,0,1.198706305,0,0,0,20.86119326,49.43805298,3.995650038,0,0,0,17.24609284,0,0.040929928,0,0,0,2.496969974,0,0,0,0.442216981,0,0,0,0,0,0,0,0,0,0.203047195,0,0.693288963
SBL_2014_del_7,0,0,0,0,0,15.17322532,56.55980884,0,0,0,0,4.130058819,0,0,0,0,0,0.107020548,0,3.981828108,0,0,0,0.253559632,0.156308595,0,0,0,4.117327244,0,0,1.076051127,0,0
SBL_2014_del_8,0,0.193558377,0,0,0,26.94310111,42.09597731,2.436840232,0,0,0,2.322700526,0.373282899,0,0,0,0,5.829283488,0,0.531655168,0,0,0,0.049771053,0.007742335,0,0,0,5.106208484,0,4.73730916,1.330837141,0,0
SBL_2014_chr_9,0,9.70262733,0,0,0,16.02061728,4.263980766,6.628528832,0,0,0,35.91808792,0,0.007573463,0,0,0,0,0,0.009637625,0,0,0,0,0,0,0,0,0.009637625,0,0,0.512065845,0,0.867139847
SBL_2014_con_10,0,0,0,0,0,28.51227173,60.37094266,2.642049905,0,0,0,5.966264492,0,0,0,0,0.071530758,0,0,0,0,0,0,0,0,0,0,0,0,0,0,1.679399708,0,0
SBL_2014_chr_11,4.176880527,0.603509572,0,0,0,2.742923525,3.107536053,0,0,0,2.476725684,46.04995412,0,3.474906727,0,0,0.744358051,0,0,0.021413276,0,1.425729009,0,0,0,0.661803294,0,0,0,0,0,1.25772068,0,0
SBL_2014_del_12,0.087596356,0,0,0,0,19.58116372,44.4053918,0,0,0,0.670121515,3.480417666,0,0.081578409,0,0,0.149750598,0.43798178,0,7.892384645,0,0,0.257250001,0,0,0,0,0,3.220502644,0,0,0.799657823,0,0.453007973
SBL_2014_con_13,0,0,0,0,0,9.95507262,65.50993789,1.846920331,0,0,0,0,0,1.457974707,0,0,0.232919255,0,0,0,0,0,0,0,0,0,0,0,0,0,0,6.816513936,0,0
SBL_2014_chr_14,0,1.433694595,0,0,0,8.534094958,14.24738348,0,0,0,7.641120838,37.51578467,0,0.907337669,0,0,0,0,0,0,0,5.704253654,0,0,0,0,0,0,0,0,0.218340611,3.34576379,0,0
SBL_2014_del_15,0,0.247819191,0,0,0,17.23514229,46.87426106,0,0,0,0,5.178817135,0.099127676,0,0,0,0,0.389893949,0,1.375786935,0,0,0.512995896,0,0,0,0,0,3.038358801,0,2.339363693,2.141219986,0,0
SBL_2014_con_16,0,0.750664032,0,0,0,28.97756958,50.57188786,0,0,0,0,15.46906731,0,0,0,0,0.277689622,1.001253845,0,0,0,0,0,0,0,0,0,0,0,0,0.238458604,1.563783382,0,0
SBL_2014_chr_18,0,3.649095173,0,0,0,4.777726768,3.06518284,1.680373241,0,0,2.303527817,78.42095917,0,0,0,0,0,0,0,0,0,0.758226641,0,0,0,0,0,0,0,0,0.055444666,0.487848378,0,0
SBL_2014_con_19,0,0.252830085,0,0,0,12.15503623,78.98745904,1.065759637,0,0,0,3.37535054,0,0,0,0,0,0.052910053,0,0,0,0,0,0,0,0,0,0,0,0,1.547119248,0.558412336,0,0
SBL_2014_chr_20,0,1.277567587,0,0,0,6.076688723,11.58606342,1.606076888,0,0,0,69.53439722,0,0,0,0,0.479777703,0.044169611,0,0,0,0.19054878,0,0,0,0,0,0,0,0,1.119596548,1.538274489,0,0
SBL_2014_del_21,0,1.102729062,0.760225027,0,2.446413611,13.94343734,43.86791826,0,0,0,0.292397661,4.59807922,0,0,0,0,0.162422037,0.123448347,0,0.911598558,0,2.371437733,0,0,0,0.522430428,0,0,8.015416042,0,10.88357872,0.391139487,0,0
SBL_2014_con_23,0,1.865732754,0.494071146,0,0,43.88282789,34.3848406,4.903818008,0,0,0,12.66061147,0,0,0,0,0,0,0,0,0,0,0,0,0,0,0,0,0,0,0,0.591813489,0,0
SBL_2014_chr_24,0,25.83644879,0,0,0,5.92298318,4.692425462,3.300130653,0,0,0.109553024,36.14025541,0,0,0,0,0.345978509,0,0,0,0,0,0,0,0,0,0,0,0.035968938,0,0.845100989,1.799027998,0,5.352045671
SBL_2014_del_25,0,0,0,0,0,28.88898449,5.529524298,13.57645463,0,0,1.169174179,12.35464921,0,0.082590023,2.095557418,0,0.720503584,2.534799595,0,0.075622406,0,3.128088297,0.389105058,0,0,0,0,0,2.32400598,0,0,1.88434557,0,0
SBL_2014_con_26,0,1.795661096,0,0,0,16.93802328,55.2090542,0.024126616,0,0,0,18.57628046,0,0,0,0,0,0.008906306,0,0,0,0,0,0,0,0,0,0,0,0,0.445315283,0.957448871,0,0
SBL_2014_chr_27,0,19.47100808,0,0,0,3.150903219,3.911022586,1.429810148,0,0,8.127578754,35.04730604,0,0,0,0,0.047517667,0,0,0,0,0,0,0,0,0,0,0,0,0,0,4.852676987,0,0
SBL_2014_del_28,0,7.982507814,0,0,0.741509714,2.294503737,26.02472424,5.597308348,0,0,0,3.926493177,0.426418347,0.02750275,0,0,0,0.040783034,0,1.112384193,0.713959145,0,0,4.32874843,0.048906846,0,0,0,3.230878677,0,1.77898257,6.531394314,1.387106731,0.275027503
SBL_2014_del_29,0,4.722855733,0,0,0,9.969098679,38.01462685,10.82440807,0,0,0.763825237,5.599056427,0.038191262,0,0,0,0.229990518,0,0.782920868,0.062972292,0,0,0,0,0,0,0,0,4.655841201,0,2.540548599,5.687800597,0,0
SBL_2014_con_30,0,5.781776173,0,0,0,6.009555655,50.89731575,11.88603798,0,0,0,10.56437886,0,0,0,0,0,0.300240192,0,0,0,0.188253012,0,0,0,0,0,0,0,0,0,7.133476531,0,0.075301205
SBL_2014_chr_31,0.123112278,16.69514056,0,0,0,1.61329634,8.828873778,9.68914365,0,0,0,7.419950135,0,0.369336835,0,0,0.23150701,0.298864316,0,0,0,0,0,0,0,0,0,0,0,0,0,21.44987545,0,0
SBL_2014_del_32,0,0,0,0,0,11.73424288,36.561684,13.03093687,0,0,0,1.741340608,1.161997187,0,0,0,0.118708452,2.819002904,0,0.19791269,0.102945928,0,0,0.390626011,0.039413527,0,0,0,4.150667449,0,0,0,0,1.345915524
SBL_2015_con_1,0,0,0,0,0,33.88182953,57.95277427,3.679076049,0,0,0,0,0,0.267216636,0,0,0,0.008366801,0,0.012242899,0,0,0,0,0,0,0.034171679,0,0.434707252,0,0,1.722448752,0,0.341716785
SBL_2015_del_2,0,0,0,0,0,21.18116831,58.589422,2.856618475,0,0,0,0,0,1.700042522,0,0,0,0,0,0.323694432,0,0,0,0,0,0,0.174916199,0,6.174202788,0,0,1.137332647,0,0
SBL_2015_chr_3,0,0,0,0,0,0.294117647,32.44471489,5.895242555,0.294117647,0,0,0,0.941905688,7.14222481,0,0,0,1.453562981,0,0.971611401,0,0,0,0,0,0,0,0,6.930041664,0,0,34.44624271,0,0
SBL_2015_con_4,0,0,0,0,0,28.64944424,49.69798849,0,0,0,0,0,0,0.095785441,0,0,0,0,0,0,0,0,0,0,0,4.49278969,0,0,0.045085549,0,0,14.01972332,0.043538837,1.607905778
SBL_2015_chr_5,0,0,0,0,0,6.658047609,48.31776041,0,0,0,0,0,0,1.34555271,0,0,0,2.278479923,0,0,0,0,0,0,0.32657684,0,0,0,3.408279494,0,0,32.11915459,0,0
SBL_2015_con_6,0,0,0,0,0,18.57557807,64.3332792,1.484537193,0,0,0,0.083028894,0,2.161683797,0,0,0,2.079993645,0,0,0,0,0.098658248,0,0,0,0.481764181,0,0.486073539,0,0,7.075799319,0,0
SBL_2015_del_7,0,0,0,0,0,18.32994357,64.762925,0,0,0,0,0,0,0.065997888,0,0,0,0,0,8.049129144,0,0,0,0,0,0,0.163998672,0,1.114000287,0,0,1.62230346,0,0
SBL_2015_del_8,0,0,0,0,0,26.94926884,53.65601472,1.690828111,0.783836417,0,0,0,0,0,0,0,0,2.832973525,0,0.978578384,0,0,0,0,0,0,0,0,1.331029047,0,0,2.489004754,3.111960166,0
SBL_2015_chr_9,0,0,0,0,0,0.768196743,46.03913487,2.141662675,0,0,0,0,0.192159877,1.400111429,0,0,0,3.101736973,0,0,0,0,0,0,0,0,0,0,4.06700941,0.960799385,0.13326226,27.34553402,0,1.92159877
SBL_2015_con_10,0,0,0,0,0,26.05123362,66.2495264,1.120806143,0,0,0,0,0,0.104087812,0,0,0,0,0,0.026307842,0,0,0,0,0,0,0,0,0.017966223,0,0,5.680753399,0,0
SBL_2015_chr_11,2.630194634,0,0,0,0,1.689350148,13.4741519,0,0.328774329,0,0,0,0.096006144,24.18686695,0,0,0,0.131509732,0,2.852458202,0,0,0,0,0.131509732,0,0,0,4.224949387,0,0.108408252,38.05177299,0,0
SBL_2015_del_12,0,0,0,0,0,22.85025236,52.23357424,0,0,0,0,0,0,0.713179031,0,0,0,1.24048958,0,13.91302243,0,0,0.33117924,0,0,0,0,0,3.224467452,0,0,2.877568774,0.008269931,0.474803748
SBL_2015_con_13,0,0,0,0,0,6.781441821,68.26849489,2.234353895,0,0,0,0,0,2.74584382,0,0,0,0,0,0.061881188,0,0,0,0,0,0,0.123762376,0,0,0,0,18.72665906,0,0
SBL_2015_chr_14,0,0,0,0,0,8.326760758,40.6640431,0,0,0,0,0,0,16.58869362,0,0,0,0,0,0,0,0,0,0,0,0,2.428868841,0,7.896751784,0,1.301179736,17.31983923,0,0
SBL_2015_del_15,0,0,0,0,0,10.28518082,62.0547365,0,0,0,0,0,1.463491011,0.127072473,0,0,0,3.295755968,0,2.995696789,0,0,0.110521662,0,0,0.148809524,0,0,3.500586291,0,0,9.904130865,1.985481628,0
SBL_2015_con_16,0,0,0,0,0,25.22133249,64.43814861,0,0,0,0,0,0,0.329380764,0,0,0,0.732729355,0,0,0,0,0,0,0,0,0.069696125,0,0.507337099,0,0.107547908,6.530416307,0,0
SBL_2015_chr_18,0,0,0,0,0,2.479549602,24.06917203,6.234668847,0,0,0,0,0,3.460119923,0,0,0,2.890867445,0,0,0,0,0,0,0,0,1.123273308,0,12.70030065,0,3.229428724,26.0280916,1.492537313,0
SBL_2015_con_19,0,0,0,0,0,11.89733008,68.89558747,0.312073164,0,0,0,0,0,0.064699793,0,0,0,0,0,0.012939959,0,0,0,0,0,0,0.02421073,0,0.167668399,0,0,15.76938805,1.102801671,0
SBL_2015_chr_20,0,0,0,0,0,22.19266563,38.05475364,0.663474685,0,0.100361402,0,0,0,2.328256338,0,0,0,0.485436893,0,0.075483092,0,0,0,0,0,0,7.160972226,0,1.813821825,0,0.075483092,9.033405957,4.045307443,0.194552529
SBL_2015_del_21,0,0,2.636435539,0,0,24.9641734,60.39014826,0.071818443,0,0,0,0,0,0,0,0,0,0.097238429,0,0.078409532,0,0,0,0,0.167730998,3.654636639,0,0,1.579542591,0,0,1.406194066,2.874201554,0
SBL_2015_con_23,0,0,0,0,0,51.09016276,40.75182218,1.4758084,0,0,0,0.242875648,0.049486387,0.258576104,0,0,0,0.006736729,0,0.042749658,0,0,0,0,0,0,0.084288604,0,1.076116868,0,0,2.140967721,0,0
SBL_2015_chr_24,0,0,0,0,0,0.88562753,14.19078747,2.17784923,0,0,0,0,0.594671741,17.45560482,0,0,0,0,0,0.776923101,0,0,0,0,0,0,0,0,2.848240768,0,0,12.87292142,7.065276322,1.284246575
SBL_2015_del_25,0,0,0,0,0,29.62843934,11.83615949,4.162070037,0,0,0,0,0.525937372,0.456596053,2.592016589,0,0,4.309568905,0,0.664636378,0,0,0.098697197,0,0,0,0,0,4.389832348,0,0,11.36588466,0,0
SBL_2015_con_26,0,0,0,0,0,26.50501519,56.57107703,0.048225309,0,0,0,0,0,0.406544161,0,0,0,0.226694742,0,0,0,0,0,0,0,0,0.065274151,0,0.870961705,0,0.241126543,7.215923452,0,0
SBL_2015_chr_27,0,0,0,0,0,0.719869711,15.74545579,0.488427775,0,0.176522507,0,0,0,19.00572261,0,0,0,0.084118439,0,0.685984461,0,0,0,0,0,0,2.940382163,0,5.719805084,0,0,25.66842351,0,0
SBL_2015_del_28,0,0,0.665365507,0,0,3.029556267,38.81233414,1.937063023,0,0,0,0,1.429678098,0,0,0,0,0,0,0.759603495,0,0,0,0,0.099760575,0,0,0,0.663314377,0,0,24.60848774,2.732683728,0.019952115
SBL_2015_del_29,0,0,0,0,0,17.89417878,51.25017042,2.403008289,0,0,0,0,0,0,0,0,0,0.005451374,0,0,0,0,0,0,0.491609858,0,0,0,1.202381657,0,0,14.71871929,2.537059951,0
SBL_2015_con_30,0,0,0,0,0,12.88010853,56.45327744,2.263665098,0,0,0,0,0,0.154194079,0,0,0,0.04825602,0,0,0,0,0,0,0,0,0,0,0.480787388,0,0,19.26144685,0.092516447,0
SBL_2015_chr_31,0,0,0,0,0,0.481695568,19.04161536,1.789081564,0,0,0,0,1.14999335,1.324662813,0,0,0,0.074925075,0,0.815146913,0,0,0,0,0,0,0.120423892,0,1.766663564,0,0,51.26065908,0.096339114,0
SBL_2015_del_32,0,0,0,0,0,21.640431,39.68937581,2.434702004,0,0,0,0,0.877556164,0,0,0,0,3.919968119,0,0.01650165,0,0,0,0,0,0,0,0,2.320436577,0,0,1.528733894,0,0.423337438
SBL_2016_con_1,0,0,0,0.006795325,0,21.78766392,54.08253694,15.25292707,0,0,0,0,0,0,0,0,0,0.200080032,0,0,0,0,0,0,0,0,0,0,1.534690674,0,0,0,0,3.502437063
SBL_2016_del_2,0,0,0,0,0,8.791847518,67.27241803,8.255378569,0,0,0,0.701210511,0,0.319307321,0,0,0,0,0,0.057182068,0,0,0,0,0.01866368,0,0,0,2.457249906,0,0,0,0,0
SBL_2016_chr_3,0,0,0,0.295673825,0,3.491377728,15.67648604,30.61158592,0,0,0.408496732,0.816993464,4.121572872,0,0,0,0,0.661375661,0,3.515635697,0,0,0,0,0,0,0,0,23.38181646,0,0,1.690093708,0,0
SBL_2016_con_4,0,0,0,0.815913147,0,25.0897028,53.13521561,0,0,0,0,0,0,0,0,0,0,0,0,0,0,0,0,0,0,2.483422921,0,0,0.665994914,0,0,7.837214742,0.006698821,3.854937082
SBL_2016_chr_5,0,0,0,0.728293983,0,11.03197651,21.8965328,0,0,0,0,3.236272239,0,0.481190017,0,0,0.066809193,2.672367718,0,9.512545609,0,0,0,0,0,0,0,0,17.70124937,0,0,4.961071624,0,0.668091929
SBL_2016_con_6,0,0,0,0,0,11.46825567,68.55241455,4.836896459,0,0,0,0.329554442,0,0.059683677,0,0,0,5.829772787,0,0,0,0,0,0,0,0,0,0,1.790243455,0,0,3.81342974,0.17136831,0
SBL_2016_del_7,0,0,0,0,0,14.15543028,70.98209266,0,0,0,0,0,0.184570792,0,0,0,0.03789027,0,0,0.594530896,0,0,0,0,2.347109574,0,0,0,6.795541138,0,0,1.082542754,0,0
SBL_2016_del_8,0,0,0.112007168,0.290859257,0,16.4146368,53.57279087,5.432910551,0,0,0,0,1.118280733,0,0,0,0,2.445870309,0,0,0,0,0,0,0,0,0,0,10.35361533,0,0,0.722543353,3.225806452,0.167112299
SBL_2016_chr_9,0,0,0,0.082074852,0,3.156745898,12.80711024,23.54038159,0,0,0.410374261,0.645416254,7.061606694,0.109313511,0,0,0.300701875,0.546567556,0,0,0,0,0,0,1.068376068,0,0,0,31.7468006,0,0,0.446947444,0.164149705,3.707349712
SBL_2016_con_10,0,0,0,0,0,23.91849152,62.80173776,6.04760896,0,0,0,0,0,0.113122172,0,0,0,0,0,0,0,0,0,0,0.034654838,0,0,0,0.724874071,0,0,4.138118346,0.056561086,0
SBL_2016_chr_11,0.170509293,1.408450704,0.908473718,0,0,3.910433905,19.57351261,0.222024867,0,0,0,0.458851391,0,5.832978298,0,0,0,1.429738562,0,21.78233937,0,0,0,0,5.117980174,0.277161863,0,0,21.9427625,0,0,11.18624917,1.669083126,0
SBL_2016_del_12,0,0,0,0.111982083,0,25.81766707,60.06492873,0,0,0,0,0,0,0.425314733,0,0,0,1.224804031,0,0,0,0,0,0,0,0,0,0,6.477224815,0,0,1.21339007,0.069988802,1.749720045
SBL_2016_con_13,0,0,0,0.093342389,0,15.97597026,64.26088606,4.822820715,0,0,0,0,0,0,0,0,0,0,0,0,0,0,0,0,0.073061873,0,0,0,0.488301666,0,0,14.19891261,0.002783654,0
SBL_2016_chr_14,0,0,0,1.320971893,0,7.375801655,31.7850537,0,0,1.920122888,0.998463902,3.820345384,0,0.291925338,0,0,0.153609831,0,0,0.779844717,0,0,0,0,0,0,0,0,26.01860467,0,0,1.827724264,4.992319508,0
SBL_2016_del_15,0,0,0,0.123548307,0,13.33704485,57.45528635,0,0,0,0,0,1.409978895,0,0,0,0,4.885701715,0,0,0,0,0.195675899,0,0.030887077,0,0,0,7.110315732,0,0,6.430355091,4.674531932,0
SBL_2016_con_16,0,0,0,0,0,18.96174482,69.31347408,0,0,0,0,0,0,0.036002304,0,0,0,4.793017293,0,0,0,0,0,0,0,0,0,0,1.557986737,0,0,1.812021353,1.432880071,0
SBL_2016_chr_18,0,0,0,1.518502808,0,5.873227798,19.87913636,12.01171875,0,0,0.9765625,2.63622148,2.604166667,0.131973631,0,0,0,4.822370618,0,1.340219974,0,0,0,0,0,0,0,0,18.85278028,0,0,3.339935554,11.10723689,0.065104167
SBL_2016_con_19,0,0,0,0.062458395,0,8.243136441,81.9397209,1.65056628,0,0,0,0,0.211505922,0,0,0,0,0.052094186,0,0,0,0,0,0,0.008010253,0,0,0,1.668017145,0,0,0.645336421,3.859539686,0
SBL_2016_chr_20,0,0,0,0.03900156,0,13.8505749,29.70793776,8.78857628,0,4.353696643,0,7.019747637,0.301859454,0.147485892,0,0,0.404829301,2.263945907,0,3.229858026,0,0,0,0,0,0,0,0,7.294539446,0,0,2.996005326,7.465760513,1.331557923
SBL_2016_del_21,0,0,1.184834123,0,0,22.21966514,60.92758763,0.172890733,0,0,0,0,0.068027211,0,0,0,0,0,0,0.213529211,0,0,0,0,0.516604835,4.073174569,0,0,4.830004088,0,0,0.085411684,4.769739443,0
SBL_2016_con_23,0,0,0,0,0,31.38771881,33.94573032,7.741277484,0,0,0,0,0,0,0,0,0,0,0,0,4.269331469,0,0,0,2.412538471,0,0,0,5.375249691,0,0,0.096854176,0.005543852,0.152122123
SBL_2016_chr_24,0.307052298,0,0,0.225468975,0,3.06481095,7.547112345,12.80572137,0,0,0,1.436212361,2.476228209,0,0,0,0,0,0,0.62933022,0,0,0,0,4.733065833,0,0,0,20.29434518,0,0,0.400893934,11.87731648,5.902986008
SBL_2016_del_25,0,0,0,0.623960067,0,23.63907261,13.1844667,8.587903413,0,0.025,0,0.228728271,6.059187092,0,0.499733475,0,0.041597338,10.88414355,0,3.913165336,0,0,0.582551203,0.311980033,0.473092406,0,0,0,11.25869964,0,0,14.33852564,0.005,0.020798669
SBL_2016_con_26,0,0,2.656042497,0,0,16.8590035,63.75469559,1.334077525,0,0,0,0,0,0.03534818,0,0,0,0.976050816,0,0,0.097207494,0,0,0,0.262378909,0,0,0,6.667420538,0,0,0.81929707,3.092965712,0
SBL_2016_chr_27,0,0,0,0.200559389,0,2.956218537,6.625766033,9.487541683,0,5.196208846,1.272907337,4.229454292,0,0.012619889,0,0,0.0743605,0.185901249,0,2.980104884,0,0,0,0,4.341570047,0,0,0,33.42499351,0,0,7.913399985,0,0
SBL_2016_del_28,0,0.792141952,0.792141952,0.059481323,0,1.718417681,31.22485937,6.38673447,0,0,0,0,7.880136914,0,0,0,0.198107002,0,0,0.148703307,3.892855958,0,0,0,3.355490583,0,0,0,7.008688189,0,0,18.33146696,8.332776772,0.866319007
SBL_2016_del_29,0,0,0,0,0,13.54877322,41.18979547,7.005396877,0,0,0,0.072426721,0.131411603,0,0,0,0.021301977,0,0,0.042603954,0,0,0,0,0.768944103,0,0,0,12.27315519,0,0,6.839561383,5.287245372,0
SBL_2016_con_30,0,0,0,0,0,9.875729392,44.01748662,16.27793267,0,0,0,0,0.106746371,0,0,0,0,0.211577522,0,0,0.59962283,0,0,0,0.709727252,0,0,0,8.359589493,0,0,8.979625668,0,1.242309513
SBL_2016_chr_31,0,0,0,0,0,2.385543434,3.566925526,37.33241281,0,0,0.748502994,0,15.18390641,0,0,2.252049964,0,2.231896197,0,4.222209213,0.462184591,0,0,0,5.714646256,0,0,0,11.85173313,0,0,0.437091622,3.266649677,0.188480097
SBL_2016_del_32,0,0,0,0,0,18.96724237,41.23336879,11.11878274,0,0,0,0,2.062137495,0.052820621,0,0,0.026858616,9.020757001,0,0,0.769831488,0,0,0,1.571765699,0,0,0,10.02621537,0,0,0.090278781,0.026410311,2.676895511