ID,Allionia_incarnata,Bouteloua_eriopoda,Bouteloua_gracilis,Chamaesyce_albomarginata,Chaetopappa_ericoides,Chamaesyce_serrula,Chamaesyce_serpyllifolia,Cryptantha_crassisepala,Dasyochloa_pulchella,Eriogonum_abertianum,Euphorbia_exstipulata,Oenothera_suffrutescens,Hoffmannseggia_drepanocarpa,Hymenopappus_filifolius,Ipomopsis_pumila,Kallstroemia_parviflora,Lappula_occidentalis,Lesquerella_fendleri,Linum_puberulum,Machaeranthera_gracilis,Machaeranthera_pinnatifida,Muhlenbergia_arenicola,Phacelia_crenulata,Pleuraphis_jamesii,Plantago_patagonica,Scleropogon_brevifolius,Sphaeralcea_hastulata,Sporobolus,Sphaeralcea_polychroma,Stephanomeria_pauciflora,Tidestromia_lanuginosa
SBK_2012_con_1,0,79.76129924,0,0,0,0,0,0,0,0,0.083752094,0,0,0,0,0,0,0,0,0,0,0.654450262,0,0,0,0,0,18.78881265,0,0,0
SBK_2012_chr_2,0,88.46528209,0,1.037735849,0,0,0.099800399,0,0,0,0.587298255,0,1.051744517,0,0,0,0,0,0.099800399,0,0,0.870069606,0,0,0,0.676759688,0,0,0,0,0
SBK_2012_chr_3,0,94.6142241,0,0,0,0.935524033,0,0,0,0,0.830236833,0,0,0,0,0,0,0,0,0,0,0,0,0,0,0,0,0,0,0,0
SBK_2012_con_4,0,90.92716455,0,0,0,0.578747628,0,0,0,0,0.952891297,0,0,0,0,0,0,0,0,0,0,0,0,0,0,0,0,3.32594235,0,0,0.09487666
SBK_2012_del_5,0,93.69160238,0,0,0,1.068084362,0,0,0,0,2.814849586,0,0,0,0,0,0,0,0,0,0,0,0,0,0,0.251004016,0,0,0,0,0
SBK_2012_chr_6,0,83.09014092,0,0,0.909090909,0.25974026,0,0,0,0,0.723315146,0,0.73964497,0,0,0,0,0,0,0,0,0.953036588,0,0,0,0,0.12987013,1.522070015,0,0,0
SBK_2012_con_7,0,81.03608625,0,0,0,0.888099467,0,0,0,0,2.958086621,0,4.61002267,0,0,0,0,0,0,0,0,0,0,0,0,0,0,10.32913357,0,0,0.178571429
SBK_2012_del_8,0,91.14086959,0,0,0,0,0,0,0,0,0.47318612,0,1.871907152,0,0,0.59148265,0,0,0,0,0,0,0,0,0,0,0,3.831417625,0,0,0
SBK_2012_del_9,0,82.67341799,0,0,0,1.77238806,0,0,0,0,0.407936704,0,2.411475027,0,0,0,0,0,0,0,0,0,0,0,0,0,0,6.652455289,0.070204999,0,0
SBK_2012_chr_10,0,95.10842694,0,0,0,0,0,0,0,0,4.204981785,0,0,0,0,0,0,0,0,0,0,0,0,0,0,0,0,0,0,0,0
SBK_2012_con_11,0,97.45183734,0,0,0,0,0,0,0,0,0.843505659,0,0.625,0,0,0,0,0,0,0,0,0,0,0,0,0,0,0,0,0,0.03973931
SBK_2012_del_12,0,77.29872112,0,0,0,2.848450836,0,0,0,0,2.688294298,0,3.85511491,0,0,1.84501845,0,0,0,0,0,2.2070626,0,0,0,3.652562517,0,2.188897405,0,0,0.200642055
SBK_2012_del_13,0,94.3484774,0,0,0,0.090909091,0,0,0,0,3.988779786,0,0.358606557,0,0,0.681818182,0,0,0,0,0,0,0,0,0,0,0,0.304136253,0,0,0
SBK_2012_del_14,0,93.41200633,0,0,0,0.177935943,0,0,0,0,1.999092537,0,1.629324686,0,0,0,0,0,0,0,0,2.633711507,0,0,0,0,0,0,0,0,0.073964497
SBK_2012_con_15,0,86.72111759,0,0,0,0,0,0,0,0,0.692378244,0,3.527360515,0,0,4.667949118,0,0,0,0,0,2.402862986,0,0,0,1.072961373,0,0,0,0,0.134120172
SBK_2012_chr_16,0,86.29874589,0,0,0,0.82744925,0,0,0,0,3.606695069,0,0.011032657,0,0,0.531914894,0,0,0,0,0,0,0,3.800651155,0,2.659574468,0,0.82744925,0,0,0.057405281
SBK_2012_con_17,0,93.60170976,0,0,0,0.343697908,0,0,0,0,0.768780005,0,1.559251559,0,0,1.03950104,0,0,0,0,0,2.687059726,0,0,0,0,0,0,0,0,0
SBK_2012_con_18,0.069735007,95.89170226,0,0,0,1.455837347,0,0,0,0,0.934081558,0,0,0,0,0,0,0,0.761035008,0,0,0.190258752,0,0,0,0,0,0.69735007,0,0,0
SBK_2012_chr_19,0,95.85638301,0,0,0,0.371367763,0,0,0,0,2.695579639,0,0.811688312,0,0,0,0,0,0,0,0,0,0,0,0,0,0,0,0,0,0.08361204
SBK_2012_del_20,0,92.61996628,0,0,0,0,0,0,0,0,1.579157575,0,0,0,0,0,0,0,0,0,0,0,0,0,0,2.090301003,0,0,1.391465677,0,2.319109462
SBK_2012_con_21,0,95.81345727,0,0,0,0.076452599,0,0,0,0,2.068196614,0,0.064102564,0,0,0,0,0,0.573394495,0,0,0.641025641,0,0,0,0,0,0,0,0,0
SBK_2012_chr_22,0,94.75459693,0,0,0,0,0,0,0,0,0.919146904,0,0.047984645,0,0,0,0,0,0,0,0,1.997055423,0,0,0,0,0,1.404494382,0,0,0.070224719
SBK_2012_con_23,0,80.8252193,0,0,0,0.473484848,0,0,0,0,4.40679532,0,0,0,0,0.710227273,0,0,0,0,0,6.265782828,0,0,0,6.3925645,0,0,0.925925926,0,0
SBK_2012_chr_24,0,90.73057629,0,0,0,0.084602369,0,0,0,0,0.773504951,0,2.885621561,0,0,0,0,0,0,0,0,0,0,0,0,0,0,5.438889275,0,0,0
SBK_2012_del_25,0,90.52268733,0,0,0,3.42857806,0,0,0,0,1.671992994,0,0.711389553,0,0,0,0,0,0.569044006,0,0,0,0,0,0,0,0,2.567394095,0,0,0.528913963
SBK_2012_chr_26,0,93.94978602,0,0,0,0.950068371,0,0,0,0,0.71117668,0,0.879249707,0,0,0,0,0,0,0,0,0,0,0,0,0,0,3.239740821,0,0,0
SBK_2012_con_27,0,92.43382173,0,0,0,0.361491666,0,0,0,0,1.558289269,0,0.065963061,0,0,0,0,0,0,0,0,0,0,0.770416025,0,0,0,0,0,0,0
SBK_2012_chr_28,0,87.49513886,0,0,0,0.346620451,0,0,0,0,1.132138078,0,0,0,0,0,0,0,0,0,0,2.024740129,0,6.329113924,0,0,0,0.433275563,0,0,0
SBK_2012_del_29,0,96.23060246,0,0,0,0.527344337,0,0,0,0,1.544170925,0,1.626453708,0,0,0,0,0.071428571,0,0,0,0,0,0,0,0,0,0,0,0,0
SBK_2012_del_30,0,98.42467321,0,0,0,0.1525941,0,0,0,0,0.358662238,0,0.757575758,0,0,0,0,0.068399453,0,0,0,0.238095238,0,0,0,0,0,0,0,0,0
SBK_2013_con_1,0,54.10274342,0,0,0,0.0499002,1.943375456,0,0,0,1.303122082,0,2.631457603,0,0,21.35850823,0,0,0.095057034,0,0,0.831749049,0,0,0,1.486298595,0,13.53337133,0,0,1.307759372
SBK_2013_chr_2,0,78.85079835,0,0,0,0,1.002800873,0,0,0,3.136568298,0,2.582974265,0,0,2.199363183,0,0,0.013912076,0,0,1.202521476,0,0,0,7.737401233,0,1.024590164,0.013912076,0,0
SBK_2013_chr_3,0,88.47072934,0,0,0,0.532029927,0,0,0,0,0,0,0,0,0,8.333333333,0,0,0,0,0,0,0,0,0,0,0,0,0,0,0
SBK_2013_con_4,0,53.09854288,0,0,0,2.368959529,0,0,0,0,2.830954211,0,0,0,0,29.12684031,0,0,0,0,0,0,0,0,0,0,0,2.835538752,0.538297342,0,0.478485359
SBK_2013_del_5,0,67.87808288,0,0,0,0.295370564,1.559356137,0,0,0,0.930814054,0,0,0,0,10.18863215,0,0,0.006025548,0,0,0,0,0,7.537709399,0.321691176,0,0,0.284427151,0,0
SBK_2013_chr_6,0,75.74701969,0,0,0.980392157,0.954037529,0,0,0,0,0,0,0.790638836,0,0,19.09195558,0,0,0,0,0,0.271149675,0,0,0,0,0,0,0.408496732,0,0
SBK_2013_con_7,0,44.37488687,0,0,0,1.78368026,0.22438966,0,0,0,5.4365723,0,0.104353011,0,0,38.43104947,0,0,0,0,0,0,0,0,0,0,0,5.082309267,0.183483588,0,4.197030678
SBK_2013_del_8,0,80.84396438,0,0,0,0,0,0.074183976,0,0,0.620235978,0,2.153069523,0,0,9.581287074,0.220264317,0,0.073421439,0,0,0,0,0,1.135414512,0.359092215,0,2.546689304,0.222551929,0,0
SBK_2013_del_9,0,59.96881544,0,0,0,0.573980647,0,0,0,0,0.938145983,0,2.794023669,0,0,23.84234186,0,0,0.011786841,0,0,0,0,0,0.320063101,0,0,5.375776802,0.182793153,0,0
SBK_2013_chr_10,0,68.86175796,0,0,0,0,0,0,0,0,0,0,0.418872737,0,0,30.24677952,0,0,0,0,0,0,0,0,0,0,0,0,0,0,0
SBK_2013_con_11,2.594514455,70.09664362,0,0,0,0.369156645,0.823409555,0,0,0,12.50922579,0,1.639878389,0,0,10.49857989,0,0,0,0,0,0,0,0,0,0,0,0,0,0,0.643653097
SBK_2013_del_12,18.68162979,60.12309666,0,0,0,0.065963061,1.232107454,0,0,0,0.4377626,0,3.126410793,0,0,0,0,0,0,0,0.013616558,1.223370468,0,0,3.338326945,5.563549607,0,1.09352535,0.065963061,0,0
SBK_2013_del_13,0,72.63298239,0,0,0,0.504032258,0.388673611,0.343053173,0,0,1.326059455,0,0.541327718,0,0,11.40510949,0,0,0,0,0,0,0,0,1.571111735,0,0,0,0,0,0.428816467
SBK_2013_del_14,0,65.6492882,0,0,0,0.055285272,0.0070205,0.15576324,0,0,0.68006982,0,0.917029379,0,0,25.65090684,0,0,0.026215329,0,0,1.216275984,0,0,2.029180991,0,0,0,0,0,0.27642636
SBK_2013_con_15,13.71775971,44.95145335,0,0,0,1.285046729,2.278225706,0,0,0,2.769817049,0,2.021351953,0,0,22.60427351,0,0,0,0,0,2.355784795,0,0,0.063840654,0.371195249,0,0,0,0,6.646671846
SBK_2013_chr_16,0,72.76926609,0,0,0,0.180635838,0,0,0,0,0,0,0.018504811,0,0,20.0599059,0,0,0,0,0,0,0,1.051635779,0,2.886597938,0,0.462620281,0,0,0
SBK_2013_con_17,4.016516081,51.98017477,0,0,0,1.917616767,9.486070793,0,0,0,2.325247704,0,0.965119594,0,0,27.04863795,0,0,0,0,0,2.164848102,0,0,0.091743119,0,0,0,0,0,0
SBK_2013_con_18,0,55.87486588,0,0,0,9.345043351,1.992603122,0,0,0,4.791038178,0,0.097276265,0,0,21.5954857,0,0,0,0,0,0,0,0,0,0,0,0.767459708,0,0,5.248430406
SBK_2013_chr_19,0,84.28334254,0,0,0,1.257545272,0,0,0,0,0.314386318,0,0.409836066,0,0,13.46780565,0,0,0,0,0,0,0,0,0,0,0,0,0,0,0
SBK_2013_del_20,0,50.04731517,0,0,0,0,3.016859107,0.029249783,0,0,4.40110945,0,0.577785903,0,0,32.22968475,0,0,0,0,0,0,0,0,0.300039859,1.10864745,0,0.093478911,1.159138498,0,6.229976218
SBK_2013_con_21,0,75.08662508,0,0,0,2.896537391,1.678571429,0,0,0,4.655939351,0,0.114678899,0,0,14.88395497,0,0,0.141526662,0,0,0.327653997,0,0,0,0,0,0,0.046633091,0,0
SBK_2013_chr_22,0,79.42424541,0,0,0,0,0.844930417,0,0,0,0,0,0.049701789,0,0,17.88260728,0,0,0,0,0,0.995263697,0,0,0,0,0,0.403225806,0,0,0
SBK_2013_con_23,0,37.22653938,0,0,0,0.332303413,0,0,0,0,2.322284322,0,0.072759022,0,0,51.42195497,0,0,0,0,0,2.210159954,0,0,0,4.731088714,0,0.060679612,0.455097087,0,1.16713352
SBK_2013_chr_24,0,48.28793203,0,0,0,0.370065789,0,0,0,0,0.411184211,0,0.53486452,0,0,49.25573568,0,0,0,0,0,0,0,0,0,0,0,1.057980921,0,0,0
SBK_2013_del_25,0,73.36263155,0,0,0,9.067570812,0,0,0,0,1.25866946,0,0.575638959,0,0,11.45929342,0,0,0.028121485,0,0,0,0,0,0.111211958,0,0,2.878194796,0,0,0
SBK_2013_chr_26,0,88.75822397,0,0,0,4.350104822,0,0,0,0,0.427350427,0,0.558124795,0,0,4.111324194,0,0,0,0,0,0,0,0,0,0,0,1.709401709,0,0,0
SBK_2013_con_27,0,65.21880725,0,0,0,11.84187823,0,0,0,0,11.33045222,0,0.224479468,0,0,5.404450101,0,0,0,0,0,0.105431849,0,0.091659028,0.008434548,0,0,1.260311641,0.04217274,0,1.809997016
SBK_2013_chr_28,0,87.81964273,0,0,0,1.149326568,0,0,0,0,0.316455696,0,0,0,0,1.845991561,0,0,0,0,0,1.230661041,0,6.9092827,0,0,0,0,0,0,0
SBK_2013_del_29,0,72.04658495,0,0,0,13.20307937,0,0,0,0,3.684837711,0,2.436521249,0,0,3.308374126,0,0.832408435,0,0,0,0,0,0,0.188683225,0,0,0,0,0,0
SBK_2013_del_30,0,78.19728421,0,0,0,1.697036856,0,0,0,0,2.58196051,0,3.011924268,0,0,11.55307412,0,0.583975707,0,0,0,0.25817719,0,0,0.111729242,0,0,0,0,0,0
SBK_2014_con_1,0,75.30748731,0,0,0,0,0,0,0,0,0,0,0.952101891,0,0,0,0,0,0.57208238,0,0,1.674346575,0,0,0.413435645,0.353755166,0,0,0,0,0
SBK_2014_chr_2,0.375375375,98.58870064,0,0,0,0,0,0,0,0,0,0,0,0,0,0.45045045,0,0,0,0,0,0,0,0,0,0.414593698,0,0,0,0,0
SBK_2014_chr_3,0.04461871,98.98535491,0,0,0,0,0.224422856,0,0,0,0.012321341,0,0,0,0,0,0,0,0,0,0,0,0,0,0,0,0,0,0,0,0.010738832
SBK_2014_con_4,0,90.16455864,0,0,0,0,0,0,0,0,0,0,0,0,0,0,0,0,0.096599691,0,0,0,0,0,0.348837209,0,0,1.931993818,1.688120018,0,0
SBK_2014_del_5,0.053494165,73.6082716,0,0,0,0,0,2.166177824,0,0,0.008790436,0,0,0,0,0,0,0,0.57328362,0,0.07873656,0,0,0,8.201453476,0.52742616,0,1.234608169,3.555400538,0,0
SBK_2014_chr_6,0.135599057,98.76049751,0,0,0,0,0,0,0,0,0.021720243,0,0.407779172,0,0,0,0,0,0,0,0,0,0,0,0,0,0,0,0,0,0
SBK_2014_con_7,0.026003745,89.21879243,0,0,0,0,0,0.092766423,0,0,0,0,0.138366172,0,0,0,0,0,0,0,0,0,0,0,0.886726036,0,0,2.759176398,0.857162174,0,0.130018723
SBK_2014_del_8,0,71.85999394,0,0,0,0.053858217,0,1.457585565,0,0,0.117924528,0,2.951366148,0,0.276752768,0.117924528,0,0.461254613,0.608660273,0,0,0,0,0,5.35898329,0.271149675,0,2.767527675,5.746654299,0,0
SBK_2014_del_9,0.030592266,71.19368838,0,0,0,0,0,0.618668478,0,0,0,0,4.095586785,0,0,0,0,0,0.061184533,0,0,0,0,0,8.188478648,0,0,5.08226673,1.830527429,0,0
SBK_2014_chr_10,0.076116767,99.7952762,0,0,0,0,0.014916468,0,0,0,0.010950504,0,0,0,0,0,0,0,0,0,0,0,0,0,0,0,0,0,0,0,0.037037037
SBK_2014_con_11,0.393576826,93.9913336,0,0,0,0.614854894,0,0,0,0,0,0,2.051879453,0,0,0,0,0,0,0,0.069521691,0,0,0,0.07567024,0,0,0,0.991639367,0,0
SBK_2014_del_12,0,57.18645974,0,0,0,0.240107568,0,1.758545407,0,0,0,0,3.703739326,0,0,0,0,0.720322705,0.994939505,0,0,5.220187249,2.157834017,0,10.99284358,5.254981346,0,0,7.01508763,0,0
SBK_2014_del_13,0,76.48788314,0,0,0,0.130890052,0,5.167546929,0,0,0.151281569,0,1.17915939,0,0,0,0,0,1.70780354,0,0,0,0.989819005,0,5.292199504,0.892857143,0,0,2.010690524,0,0
SBK_2014_del_14,0.289859527,62.82249981,0,0,0.00760572,0,0,1.147500342,0,0,0.087290503,0,1.304593284,0,0,0,0,0,1.667201788,0,0.134336378,4.030091349,0.604513702,0,17.82378431,0,0,0,1.971214042,0,0.197627518
SBK_2014_con_15,0.445925059,86.29016506,0,0,0,0,0,0,0.108412836,0,0,0,2.304222092,0,0,0,0,0,0,0,0,6.525735481,0,0,0.88676709,1.278772379,0,0.16,0,0,0
SBK_2014_chr_16,0.379362158,92.64993181,0,0,0,0,0,0,0,0,0,0,0.09484054,0,0,0,0,0,0,0,0,0,0,0,0,5.184331797,0,0,0.025746653,0,0
SBK_2014_con_17,0.262329486,95.28072045,0,0,0,0,0,0,0,0,0,0,1.26584861,0,0,0,0,0,0,0,0,3.05297991,0,0,0,0,0,0,0.138121547,0,0
SBK_2014_con_18,0,97.27786451,0,0,0,0,0,0,0,0,0,0,0.440901149,0,0,0,0,0,0,0,0,0.047330557,0,0,0.283840185,0,0,0.733122586,0.109929462,0,0.522904218
SBK_2014_chr_19,0,99.59925066,0,0,0,0,0.066050198,0,0,0,0,0,0.189350302,0,0,0,0,0,0,0,0,0,0,0,0,0,0,0,0.012112403,0,0
SBK_2014_del_20,0.021645022,78.37432928,0,0,0,0,0,4.926674841,0,0,0.014430014,0,1.562007033,0,0,0,0,0,0,0,0,0,3.239415951,0,2.331586723,1.127254509,0,0.38795779,5.472835064,0,0
SBK_2014_con_21,0.012886357,96.54104273,0,0,0,0,0,0,0,0,0,0,0.480748127,0,0,0,0,0.232774674,1.221509109,0,0.14249886,0.634356762,0,0,0.231819374,0,0,0.14249886,0.25535537,0,0
SBK_2014_chr_22,0.033157641,98.85863941,0,0,0,0,0.061894259,0,0,0,0.010399334,0,0.068681319,0,0,0,0,0,0,0,0,0.113791534,0,0,0,0,0,0,0,0,0
SBK_2014_con_23,0,82.39845228,0,0,0,0,0,0,0,0,0,0,0,0,0,0,0,0,0,0,0,6.368861885,0,0,0,7.04492067,0,0.757934701,3.143787575,0,0
SBK_2014_chr_24,0.144588675,90.50031504,0,0,0,0,0,0,0,0,0,0,4.993616872,0,0,0,0,0,0,0,0,0,0,0,0,0,0,0,0,0,0
SBK_2014_del_25,0.006647168,79.14859631,0,0,0,0,0,0.870666296,0,0,0,0,1.864230541,0,0,0,0,0.806399375,1.050687723,0,0.063678044,0,5.485462445,0,4.373661341,0,0,0,1.676977134,0,0.049554014
SBK_2014_chr_26,0.79750443,97.77394322,0,0,0,0.04743833,0,0,0,0,0.061576355,0,0,0,0,0,0,0,0,0,0,0,0,0,0,0,0,0,0,0,0
SBK_2014_con_27,0,86.94392931,0,0,0,0,0,0,0,0,0,0,0.938285814,0,0,0,0,0,0,0,0.195618153,0.186901914,0,4.254694836,1.278486891,0,0,0,0.186901914,0,0.048904538
SBK_2014_chr_28,0.055971523,96.57274905,0,0,0,0.062735257,0.082453826,0,0,0,0,0,0,0,0,0,0,0,0,0,0,0.721947195,0,1.340759076,0,0.103135314,0,0,0,0,0
SBK_2014_del_29,0.028441411,68.77624585,0,0,0,0,0,0.058329445,0,0,0.013322675,0,2.321087648,0,0,0,0,4.570326661,0.189796538,0,0.007591862,0,6.007932804,0,8.512203842,0,0,0,0,0,0
SBK_2014_del_30,0,79.74322648,0,0,0,0,0,0.302316092,0,0,0,0,1.185853113,0,0,0,0,3.5537971,0,0,1.247731397,0.738948724,8.286522295,0,3.190348917,0,0,0,0.045537341,0,0
SBK_2015_con_1,0,79.25703352,1.743375174,0,0,0,0,0,0,0,0,0,0.039334182,0,0,0,0,0,0,0,0,1.046025105,0,0,0,0.198835723,0,15.33322067,0,0,0
SBK_2015_chr_2,0,54.31051546,0,0,0,0,0,2.001779359,0,0,0,0,3.731343284,0,0,0,0,0,2.071823204,0,0,0,0,0,0.867127761,9.534509772,0,0,0.690607735,0,0
SBK_2015_chr_3,0,62.3415307,0,0,0,0,0,0.025773196,0,0,0,0,0,0,0,0,0,0,0,0,0,0,0,0,20.5834191,0,0,0,4.62111293,0,0
SBK_2015_con_4,0,93.45130893,0,0,0,0,0,0,0,0,0,0,0,0,0,0,0,0,0.057603687,0,0,0,0,0,0,0,0,3.414931273,1.150810019,0,0
SBK_2015_del_5,0,76.03558728,0,0,0,0,0,2.252089138,0.144675926,0,0,0,0,0,0,0,0,0,0.72337963,0,0.690989497,0,0.083752094,0,0.901736659,0.880445622,0,0.725538972,9.075402332,0,0
SBK_2015_chr_6,0,55.87020243,0,0,1.515151515,0,0,0,0,0,0,0,3.168202765,0,0,0,0,0,5.934343434,0,0,0,0,0,1.152073733,0,0,0,7.575757576,0,0
SBK_2015_con_7,0,90.48075627,0,0,0,0,0,0.040749802,0,0,0,0,0.027173913,0,0,0,0,0,0,0,0,0,0,0,0.633233237,0,0,6.883417645,1.500218543,0,0
SBK_2015_del_8,0,65.60492551,0.332844409,0,0,0,0,2.323447044,0,0,0,0,0.636700622,0,0,0,0,0.076034063,0.0571037,0,0,0,0,0,0.67816624,0.624250899,0,1.520681265,3.990554052,0,0
SBK_2015_del_9,0,79.62584176,0,0,0,0,0,0.548885374,0,0,0,0,1.471291162,0,0,0,0,0,0,0,0,0,0,0,0.870001869,0,0,4.405979833,3.073120202,0,0
SBK_2015_chr_10,0,70.10741421,0,0,0,0,0,1.689710579,0,0,0,0,3.306878307,0,0,0,0,1.93498452,0,0,0.330687831,0,0,0,8.010775447,0,0,0,0.661375661,0,1.653439153
SBK_2015_con_11,0,96.82612365,0,0,0,0,0,0.018979654,0,0,0,0,0.927008246,0,0,0,0,0,0,0,0.122046475,0,0,0,0.140111064,0,0,0.138287218,0.759186152,0,0
SBK_2015_del_12,0,63.71322619,0,0,0,0,0,2.996562561,0,0,0,0,1.95116715,0,0,0,0,0.088827292,0.121595331,0,0,6.282820468,0.162860805,0,2.147542873,4.08586518,0,0.420896761,5.40720806,0,0
SBK_2015_del_13,0,58.81135302,0,0,0,0,0,13.68639955,0,0,0,0,0.191853601,0,0,0,0,0,0.028077269,0,0.323247996,0,0.0323248,0,0.594319029,0,0,0.21417619,0.981994227,0,0
SBK_2015_del_14,0,69.65219379,0,0,0,0,0,8.778784759,0,0,0,0,0.77962578,0,0,0,0,0,0.170823126,0,0,4.715185015,1.79868319,0,2.488401879,0,0,0,4.916517293,0,0
SBK_2015_con_15,0,90.08809146,2.183882944,0,1.344953734,0,0,0.005379815,0,0,0,0,1.052549968,0,0,0,0,0,0,0,0,2.751337064,0,0,0.27142479,0.387166106,0,0.026899075,0,0,0
SBK_2015_chr_16,0,48.31735961,0,0,0.190839695,0,0,0,0,0,0,0,0,0,0,0,0,0,0,0,0,0,1.979622018,0,2.621171099,19.23076923,0,2.265045743,9.021141902,0,0
SBK_2015_con_17,0,96.37124446,1.386193513,0,0,0,0,0,0,0,0,0,0.155672967,0,0,0,0,0,0,0,0,1.650967925,0,0,0.285894604,0,0,0,0.067078079,0,0
SBK_2015_con_18,0,96.7285085,0.101083616,0,0,0,0,0.151760421,0,0,0,0,0.117532502,0,0,0,0,0,0,0,0,0,0,0,0.672034286,0,0,1.875809614,0.217906046,0,0
SBK_2015_chr_19,0,95.21098536,0,0,0,0,0,0,0,0,0,0,1.923076923,0,0,0,0,0,0,0,0.019669552,0,0,0,1.153846154,0,0,0,0.384615385,0,0
SBK_2015_del_20,0,82.84932857,0,0,0,0,0,11.53589894,0,0,0,0,0.213480481,0,0,0,0,0,0,0,0,0,0,0,0.337176247,0.822626136,0,0.107604017,3.489045717,0,0
SBK_2015_con_21,0,97.4096316,0.256884505,0,0,0,0,0,0,0,0,0,0.256884505,0,0,0,0,0.587737446,0.117307345,0,0.112795524,0.256884505,0,0,0.11767174,0,0,0,0.037860908,0,0
SBK_2015_chr_22,0,42.87280702,0,0,0,0,0,0,0,0,0,0,0,0,0,0,0,0,5.208333333,0,0,0,0,0,8.251096491,0,0,0,0.365497076,0,0
SBK_2015_con_23,0,86.76293379,4.253738237,0,0,0,0,0.006153089,0,0,0,0,0.005415945,0,0,0,0,0,0,0,0,2.239237215,0,0,0.406581808,3.9170942,0,0.361167293,1.915996194,0,0
SBK_2015_chr_24,0,58.57124915,2.136752137,0,0,0,0,0,0,0,0,0,9.676499054,0,0,0,0,0,0,0,0,1.868327402,4.905170358,0,19.10660281,0,0,0,2.717391304,0,0
SBK_2015_del_25,0,86.7204243,0,0,0,0,0,0.669505504,0,0,0.029185151,0,0.495652829,0,0,0,0,2.435290843,0.671258464,0,0.291851506,0.069579738,0,0,2.137828566,0,0,4.209574172,1.612874991,0,0
SBK_2015_chr_26,0,54.78079636,0,0,0,0,0,0.753012048,0,0,0,0,6.188118812,0,0,0,0,0,1.816860465,0,0,0.301204819,0,0,34.78296467,0,0,0,0.376506024,0,0
SBK_2015_con_27,0,94.39727035,0.115740741,0,0,0,0,0.017677839,0,0,0,0,0.292519131,0,0,0,0,0,0,0,0.03913588,0.115740741,0,0,0.207865497,0,0,0.814026299,0.335858067,0,0
SBK_2015_chr_28,0,69.12625155,0,0,0,0,0,0,0,0,0,0,0,0,0,0,0,0.037537538,3.048780488,0,0,0,0,0,2.955394419,0,0,16.93037975,0.375375375,1.524390244,0
SBK_2015_del_29,0,71.88624704,0,0,0,0,0,1.361511536,0,0,0,0,0.527760774,0,0,0,0,11.07530253,0.026415892,0,0,0,0,0,1.674429886,0,0,0,0,0,0
SBK_2015_del_30,0,85.66904023,0,0,0,0,0,0.105688314,0,0,0,0,2.233872057,0,0,0,0,4.952461911,0.103889628,0,0.207779255,0.686912016,0,0,1.008268014,0,0,0,0,0,0
SBK_2016_con_1,0,73.33511075,0,0,0,0,0,0.441744044,0,0,0,0,0.499937053,0,0,0,0,0,0.238428775,0,0,1.766472355,0.718267132,0,0.413131719,0.351438074,0,18.33105866,0,0,0
SBK_2016_chr_2,0,10.28140409,0,0,0,0,0,5.520452816,0,0,0,0,1.493428913,0,2.237771906,0,0,0.029868578,1.883772055,1.488685987,0.496228662,0,33.20288883,0,4.230799832,0.397457222,0,0,0.496228662,0,0.021720243
SBK_2016_chr_3,0,13.57191083,0,1.937984496,0,0,2.916666667,16.43957525,0,9.140767824,0,0,0,0,0,0,0,0,0,0,0,0,38.01377192,0,2.006487344,0,0,0,2.285191956,0,0
SBK_2016_con_4,0,84.56337097,0,0,0,0,0,0.064109233,0,0,0,0,0,0,0.028752702,0,0,0,1.565882328,0,0.068268706,0,1.449975108,0,0.702971882,0,0,4.087829946,1.906765762,0,0
SBK_2016_del_5,0,61.298903,0,0,0,0,0.017628843,7.83145348,0,0,0.088771309,0,0,0,0,0,0,0.154626423,0.165671961,0,0.76010277,0.052587295,2.31159997,0,4.37503832,0.729998818,0,0,5.887046359,0,0
SBK_2016_chr_6,0,2.989868416,0,0,1.546391753,0,5.714695858,1.578166129,0,0,0,0,1.674641148,1.840942563,0,0,0,0,0.257731959,0,0.061364752,0,39.03860924,0,5.535326121,0,0,0,4.295532646,0,0
SBK_2016_con_7,1.157679061,68.38834231,0,0,0.026760865,0.115340254,0,3.097144393,0,0,0.079394469,0,0.057670127,0,0,0,0,0,0,0,0,0,7.701973745,0,3.830162108,0,0,4.821176784,1.184881951,0,0.380764521
SBK_2016_del_8,0,58.55687408,0,0.841293964,0,0,0,1.427499003,0,0,0,0,0.676092813,0,0,0,0.204602849,0.135692575,0.071006152,0,0,0.207174564,0.108201688,0,1.10023162,0.730978045,0,0,1.841599475,0,0
SBK_2016_del_9,0,65.3415942,0,0.730117438,0,0,0,3.620104199,0,0,0,0,2.93302966,0,0,0,0,0,0,0,0,0,1.647062789,0,3.103866632,0,0,4.816548139,3.000536999,0,0
SBK_2016_chr_10,0,4.334722748,0,0,0,0,0,6.361782608,0,0.637429883,0,0,0.130045776,0,0.91671032,0,5.60517853,0,0.654793085,0,0,0,57.83880225,0,7.059797016,0,0,0,0.130045776,0,0
SBK_2016_con_11,0,92.10601668,0,0,0,0,0,0.534815937,0,0,0.04639592,0,0.854745586,0,0,0,0,0,0,0,0,0.084475615,1.916783332,0,1.156339484,0,0,0,0.989707047,0,0
SBK_2016_del_12,0,53.56980713,0,0,0,0,0,1.914147383,0,0,0,0,2.160770621,0,0,0,0,0.134668668,0,0,0,5.266866143,1.300559147,0,3.842414978,3.659926677,0,0.429159991,5.392599598,0,0
SBK_2016_del_13,0,46.15649906,0,0,0,0,0.044365572,4.163917983,0,0,0,0,0.485522599,0,0,0,0,0,0,0,0.398512221,0,2.841454052,0,2.136721588,0,0,0,0.900692025,0,0
SBK_2016_del_14,0,58.62541421,0,0,0,0,0.016935393,12.81299163,0,0,0.045905252,0,0.229526258,0,0,0,0,0,0,0,0,5.268462258,8.001007761,0,4.068633924,0,0,0,7.108934848,0,0
SBK_2016_con_15,0,88.27270742,0,0,0,0,0,0.506280011,0,0,0.044222672,0,2.931026738,0,0,0,0,0,0,0,0,3.570888524,1.420173871,0,0.593186542,0.61384842,0,0,0.078076202,0,0.129614268
SBK_2016_chr_16,0.053146259,8.768474046,0,0,0,0,0,3.241925167,0,0,0.06377551,0,0.316455696,0,0.741394621,0,0,0,0,0,0,0,76.16986848,0.197409981,3.777011573,1.066013898,0,0.463141274,2.189598941,0,0
SBK_2016_con_17,0,90.41322232,0,0,0,0,0,0,0,0,0,0,1.5487881,0,0,0,0,0,0,0,0,2.528248815,2.479982611,0,1.642619053,0,0,0.076875769,0.215740421,0,0
SBK_2016_con_18,0,85.34173133,0,0,0,0,0,1.523176529,0,0,0.025026228,0,0.070900894,0,0.04199916,0,0,0,0,0,0,0.02099958,8.934002367,0,2.287632019,0,0,1.07342207,0.344173559,0,0
SBK_2016_chr_19,0,14.30826206,0,0,0,0,0.09035056,2.225341377,0,0,0,0,6.627783669,0,0,0,0,0,0.413706934,4.517528009,0,0,49.38104242,0,6.735219769,0,0,0,0.008175278,0,0
SBK_2016_del_20,0,55.63028519,0,0,0,0,0.368290825,23.87633512,0,0,0.02366976,0,0.32615497,0,0,0,0,0,0,0.525210084,0,0.140056022,4.153477353,0,2.95076035,0.175070028,0,0.067222372,3.890005241,0,0
SBK_2016_con_21,0,87.73174201,0,0,0,0,0,0,0,0,0,0,0.414964999,0,0,0,0,1.902173913,0.053942723,0,0.790026826,0.279829863,4.390327672,0,1.74260515,0,0,0,0.054347826,0,0
SBK_2016_chr_22,0,7.799339245,0,0,0,0,0.02179599,6.403195858,0,0,0,0,0,0,1.089799477,0,1.34264232,0,0,0,0,0,60.65550334,0,11.59073335,0,0,1.34264232,0.026852846,0,0.02179599
SBK_2016_con_23,0,71.1708154,0,0,0,0,0,0.566365676,0,0,0,0,0,0,0,0,0,0,0,0,0,8.134238192,9.731024722,0,0.849774038,4.945921946,0,0.69472513,3.347586113,0,0
SBK_2016_chr_24,0,9.508421826,0,0,0,0,0,6.796307367,0,0,0.071551231,0,14.51622553,0,0.34519384,0,0,0,0.071551231,0,0,0,46.23065365,0,14.94865532,0,0,0,0.768757688,0.331917153,0
SBK_2016_del_25,0,75.6592745,0,0,0,0,0,5.309841676,0,0,0,0.005658669,0.898583626,0,0,0,0,0,1.306126617,0,0.141466727,0.12618615,3.009552206,0,3.892849354,0,0,6.56167979,1.970779903,0,0
SBK_2016_chr_26,0,1.497972611,0,0,0,0,0.01396648,5.306608618,0,0,0,0,1.893939394,0,0,0,0,0.305843933,0,0,0,0,71.32511899,0,4.257785255,0,0,0,1.187150838,0,0.069832402
SBK_2016_con_27,0,82.86177602,0,0,0,0,0,0.426389052,0,0,0.048316068,0,0.636913724,0,0.005313496,0,0,0.036247644,0,0,0,0.265674814,5.889538404,0,2.304069006,0,0,1.302083333,0.232997663,0,0.007631175
SBK_2016_chr_28,0,11.21870052,0.147841514,0,0,0,0,0.980427176,0,0,0,0,0,0,0.009648784,0,0,0,0,0,0.175869613,0.221762271,56.9241547,3.991720875,5.598644828,0,0,0,0.964878425,0,0
SBK_2016_del_29,0,64.05321456,0,0,0,0,0.045637094,6.100961063,0,0,0.028223075,0,1.363078926,0,0,0,0,2.428712051,0,0,0,0,6.429607938,0,3.089302935,0,0,0,0,0,0
SBK_2016_del_30,0,64.97651148,0,0,0,0,0.226575011,2.557955742,0,0,0,0,2.000452187,0,0.049603175,0,0.033656435,4.920014767,0.269251481,0,0.084141088,0.544339536,8.856633225,0,2.866080682,0,0,0,0,0,0